Workbook

Sheet Read me
B2: SOLVERAH - Company Scoring Workbook
B4: Companion to Solverah_Company_Rating_Rubric.docx. The rubric tells you HOW to pick a number; this workbook is where the numbers go. Every field maps 1:1 to the database, so what you fill in loads straight into the model.
B6: The scale (do not reinterpret)
B7: 0.0 = the LOW pole, 1.0 = the HIGH pole - identical to the candidate assessment. The model computes gap = person - company on the same axis, so flipping a pole silently inverts every gap on that dimension.
B9: How to fill it in
B10: 1. Companies tab - add one row per company: stage/size, headcount, comp posture, industry (the confounders), dated. Row 3 is a filled-in EXAMPLE; overwrite it or delete it.
B11: 2. Scores tab - 12 rows per company (6 dimensions x 2 raters). Enter score, confidence, and a one-line evidence note for each. The example company is fully scored to show the format; copy the block and change the name.
B12: 3. Two raters, blind. Rater A and Rater B score the same company from the same evidence WITHOUT seeing each other's numbers. This is the whole point - one rater can't be validated.
B13: 4. Agreement tab - updates automatically. It flags any dimension where the two raters differ by more than 0.15. A flag means the rubric anchor is ambiguous: fix the wording, don't split the difference.
B15: Legend
B16: Yellow cells = you type here. Grey cells = computed, leave alone. Green row = example, replace it.
B17: Field meanings (match the DB)
... B24: comp_vs_market - Pay POSTURE, not dollars. 1 well below - 2 below - 3 at market - 4 above - 5 well above, vs. talent-market peers (same industry/stage/geo) for COMPARABLE roles. Dollars aren't a company-level property; posture is.

Sheet Companies
A1: Companies (roster + confounders)
A2: One row per company. Confounders are common causes of culture - record them raw; the model standardizes.
A4: company_id | B4: name | C4: domain | D4: stage_index | E4: headcount | F4: comp_vs_market | G4: industry | H4: source | I4: confidence | J4: is_ground_truth | K4: as_of
A5: C001 | B5: Acme Robotics (EXAMPLE) | C5: acme.ai | D5: 2 | E5: 65 | F5: 4 | G5: tech | H5: researched | I5: 0.8 | J5: TRUE | K5: 2026-07-23

Sheet Scores
A1: Scores (long format - 6 dimensions x 2 raters per company)
A2: Enter score, confidence, and a one-line evidence note per row. Poles shown for reference; 0 = low pole, 1 = high pole.
A4: company_name | B4: dimension | C4: pole reference | D4: rater | E4: score | F4: confidence | G4: evidence_note
A5: Acme Robotics (EXAMPLE) | B5: autonomy | C5: 0 = Directed -> 1 = Self-directed | D5: A | E5: 0.75 | F5: 0.8 | G5: Postings say 'own your domain'; reviews praise low oversight.
A6: Acme Robotics (EXAMPLE) | B6: autonomy | C6: 0 = Directed -> 1 = Self-directed | D6: B | E6: 0.7 | F6: 0.7 | G6: Ownership language strong; a few mentions of founder sign-off.
A7: Acme Robotics (EXAMPLE) | B7: pace | C7: 0 = Steady -> 1 = Fast | D7: A | E7: 0.85 | F7: 0.9 | G7: Weekly ships; multiple reviews cite long hours, hypergrowth.
A8: Acme Robotics (EXAMPLE) | B8: pace | C8: 0 = Steady -> 1 = Fast | D8: B | E8: 0.8 | F8: 0.8 | G8: Clearly fast; some reviews note it's stabilizing post-Series-B.
A9: Acme Robotics (EXAMPLE) | B9: collaboration | C9: 0 = Solo -> 1 = Collective | D9: A | E9: 0.6 | F9: 0.6 | G9: Cross-functional pods, but ICs own areas end-to-end.
A10: Acme Robotics (EXAMPLE) | B10: collaboration | C10: 0 = Solo -> 1 = Collective | D10: B | E10: 0.55 | F10: 0.5 | G10: Mixed signals; standups daily, deep work protected.
A11: Acme Robotics (EXAMPLE) | B11: feedback | C11: 0 = Sparse/gentle -> 1 = Frequent/blunt | D11: A | E11: 0.7 | F11: 0.7 | G11: 'Direct communication' a stated value; blunt-but-kind reviews.
A12: Acme Robotics (EXAMPLE) | B12: feedback | C12: 0 = Sparse/gentle -> 1 = Frequent/blunt | D12: B | E12: 0.65 | F12: 0.6 | G12: Fairly direct; not radical-candor level.
A13: Acme Robotics (EXAMPLE) | B13: innovation | C13: 0 = Execute/optimize -> 1 = Invent/explore | D13: A | E13: 0.8 | F13: 0.8 | G13: 0-to-1 robotics R&D; patents; explicit failed-bet tolerance.
A14: Acme Robotics (EXAMPLE) | B14: innovation | C14: 0 = Execute/optimize -> 1 = Invent/explore | D14: B | E14: 0.85 | F14: 0.8 | G14: Core work is inventing new capability, not optimizing.
A15: Acme Robotics (EXAMPLE) | B15: decision | C15: 0 = Intuition/judgement -> 1 = Data/analysis | D15: A | E15: 0.45 | F15: 0.5 | G15: Founder-vision led; data used to confirm, not decide.
A16: Acme Robotics (EXAMPLE) | B16: decision | C16: 0 = Intuition/judgement -> 1 = Data/analysis | D16: B | E16: 0.4 | F16: 0.5 | G16: Leans intuition; analytics team small.
B17: autonomy | C17: 0 = Directed -> 1 = Self-directed | D17: A
B18: autonomy | C18: 0 = Directed -> 1 = Self-directed | D18: B
B19: pace | C19: 0 = Steady -> 1 = Fast | D19: A
B20: pace | C20: 0 = Steady -> 1 = Fast | D20: B
B21: collaboration | C21: 0 = Solo -> 1 = Collective | D21: A
B22: collaboration | C22: 0 = Solo -> 1 = Collective | D22: B
B23: feedback | C23: 0 = Sparse/gentle -> 1 = Frequent/blunt | D23: A
B24: feedback | C24: 0 = Sparse/gentle -> 1 = Frequent/blunt | D24: B
B25: innovation | C25: 0 = Execute/optimize -> 1 = Invent/explore | D25: A
B26: innovation | C26: 0 = Execute/optimize -> 1 = Invent/explore | D26: B
B27: decision | C27: 0 = Intuition/judgement -> 1 = Data/analysis | D27: A
B28: decision | C28: 0 = Intuition/judgement -> 1 = Data/analysis | D28: B
... B256: decision | C256: 0 = Intuition/judgement -> 1 = Data/analysis | D256: B

Sheet Agreement
A1: Inter-rater agreement (auto-computed)
A2: Pulls both raters' scores per company x dimension. Flags gaps > 0.15 - those anchors need rewording, not averaging.
A4: Mean gap (scored pairs): | C4: =IFERROR(AVERAGE(E8:E127),"-")
A5: Dimensions flagged (>0.15): | C5: =COUNTIF(F8:F127,"REVIEW")
A7: company | B7: dimension | C7: rater A | D7: rater B | E7: gap | F7: flag
A8: =IF(Companies!$B$5="","",Companies!$B$5) | B8: autonomy | C8: =IF(OR(Companies!$B$5="",COUNTIFS(Scores!$A$5:$A$256,Companies!$B$5,Scores!$B$5:$B$256,"autonomy",Scores!$D$5:$D$256,"A")=0),"",SUMIFS(Scores!$E$5:$E$256,Scores!$A$5:$A$256,Companies!$B$5,Scores!$B$5:$B$256,"autonomy",Scores!$D$5:$D$256,"A")) | D8: =IF(OR(Companies!$B$5="",COUNTIFS(Scores!$A$5:$A$256,Companies!$B$5,Scores!$B$5:$B$256,"autonomy",Scores!$D$5:$D$256,"B")=0),"",SUMIFS(Scores!$E$5:$E$256,Scores!$A$5:$A$256,Companies!$B$5,Scores!$B$5:$B$256,"autonomy",Scores!$D$5:$D$256,"B")) | E8: =IF(OR(C8="",D8=""),"",ABS(C8-D8)) | F8: =IF(E8="","",IF(E8>0.15,"REVIEW",""))
A9: =IF(Companies!$B$5="","",Companies!$B$5) | B9: pace | C9: =IF(OR(Companies!$B$5="",COUNTIFS(Scores!$A$5:$A$256,Companies!$B$5,Scores!$B$5:$B$256,"pace",Scores!$D$5:$D$256,"A")=0),"",SUMIFS(Scores!$E$5:$E$256,Scores!$A$5:$A$256,Companies!$B$5,Scores!$B$5:$B$256,"pace",Scores!$D$5:$D$256,"A")) | D9: =IF(OR(Companies!$B$5="",COUNTIFS(Scores!$A$5:$A$256,Companies!$B$5,Scores!$B$5:$B$256,"pace",Scores!$D$5:$D$256,"B")=0),"",SUMIFS(Scores!$E$5:$E$256,Scores!$A$5:$A$256,Companies!$B$5,Scores!$B$5:$B$256,"pace",Scores!$D$5:$D$256,"B")) | E9: =IF(OR(C9="",D9=""),"",ABS(C9-D9)) | F9: =IF(E9="","",IF(E9>0.15,"REVIEW",""))
A10: =IF(Companies!$B$5="","",Companies!$B$5) | B10: collaboration | C10: =IF(OR(Companies!$B$5="",COUNTIFS(Scores!$A$5:$A$256,Companies!$B$5,Scores!$B$5:$B$256,"collaboration",Scores!$D$5:$D$256,"A")=0),"",SUMIFS(Scores!$E$5:$E$256,Scores!$A$5:$A$256,Companies!$B$5,Scores!$B$5:$B$256,"collaboration",Scores!$D$5:$D$256,"A")) | D10: =IF(OR(Companies!$B$5="",COUNTIFS(Scores!$A$5:$A$256,Companies!$B$5,Scores!$B$5:$B$256,"collaboration",Scores!$D$5:$D$256,"B")=0),"",SUMIFS(Scores!$E$5:$E$256,Scores!$A$5:$A$256,Companies!$B$5,Scores!$B$5:$B$256,"collaboration",Scores!$D$5:$D$256,"B")) | E10: =IF(OR(C10="",D10=""),"",ABS(C10-D10)) | F10: =IF(E10="","",IF(E10>0.15,"REVIEW",""))
A11: =IF(Companies!$B$5="","",Companies!$B$5) | B11: feedback | C11: =IF(OR(Companies!$B$5="",COUNTIFS(Scores!$A$5:$A$256,Companies!$B$5,Scores!$B$5:$B$256,"feedback",Scores!$D$5:$D$256,"A")=0),"",SUMIFS(Scores!$E$5:$E$256,Scores!$A$5:$A$256,Companies!$B$5,Scores!$B$5:$B$256,"feedback",Scores!$D$5:$D$256,"A")) | D11: =IF(OR(Companies!$B$5="",COUNTIFS(Scores!$A$5:$A$256,Companies!$B$5,Scores!$B$5:$B$256,"feedback",Scores!$D$5:$D$256,"B")=0),"",SUMIFS(Scores!$E$5:$E$256,Scores!$A$5:$A$256,Companies!$B$5,Scores!$B$5:$B$256,"feedback",Scores!$D$5:$D$256,"B")) | E11: =IF(OR(C11="",D11=""),"",ABS(C11-D11)) | F11: =IF(E11="","",IF(E11>0.15,"REVIEW",""))
A12: =IF(Companies!$B$5="","",Companies!$B$5) | B12: innovation | C12: =IF(OR(Companies!$B$5="",COUNTIFS(Scores!$A$5:$A$256,Companies!$B$5,Scores!$B$5:$B$256,"innovation",Scores!$D$5:$D$256,"A")=0),"",SUMIFS(Scores!$E$5:$E$256,Scores!$A$5:$A$256,Companies!$B$5,Scores!$B$5:$B$256,"innovation",Scores!$D$5:$D$256,"A")) | D12: =IF(OR(Companies!$B$5="",COUNTIFS(Scores!$A$5:$A$256,Companies!$B$5,Scores!$B$5:$B$256,"innovation",Scores!$D$5:$D$256,"B")=0),"",SUMIFS(Scores!$E$5:$E$256,Scores!$A$5:$A$256,Companies!$B$5,Scores!$B$5:$B$256,"innovation",Scores!$D$5:$D$256,"B")) | E12: =IF(OR(C12="",D12=""),"",ABS(C12-D12)) | F12: =IF(E12="","",IF(E12>0.15,"REVIEW",""))
A13: =IF(Companies!$B$5="","",Companies!$B$5) | B13: decision | C13: =IF(OR(Companies!$B$5="",COUNTIFS(Scores!$A$5:$A$256,Companies!$B$5,Scores!$B$5:$B$256,"decision",Scores!$D$5:$D$256,"A")=0),"",SUMIFS(Scores!$E$5:$E$256,Scores!$A$5:$A$256,Companies!$B$5,Scores!$B$5:$B$256,"decision",Scores!$D$5:$D$256,"A")) | D13: =IF(OR(Companies!$B$5="",COUNTIFS(Scores!$A$5:$A$256,Companies!$B$5,Scores!$B$5:$B$256,"decision",Scores!$D$5:$D$256,"B")=0),"",SUMIFS(Scores!$E$5:$E$256,Scores!$A$5:$A$256,Companies!$B$5,Scores!$B$5:$B$256,"decision",Scores!$D$5:$D$256,"B")) | E13: =IF(OR(C13="",D13=""),"",ABS(C13-D13)) | F13: =IF(E13="","",IF(E13>0.15,"REVIEW",""))
A14: =IF(Companies!$B$6="","",Companies!$B$6) | B14: autonomy | C14: =IF(OR(Companies!$B$6="",COUNTIFS(Scores!$A$5:$A$256,Companies!$B$6,Scores!$B$5:$B$256,"autonomy",Scores!$D$5:$D$256,"A")=0),"",SUMIFS(Scores!$E$5:$E$256,Scores!$A$5:$A$256,Companies!$B$6,Scores!$B$5:$B$256,"autonomy",Scores!$D$5:$D$256,"A")) | D14: =IF(OR(Companies!$B$6="",COUNTIFS(Scores!$A$5:$A$256,Companies!$B$6,Scores!$B$5:$B$256,"autonomy",Scores!$D$5:$D$256,"B")=0),"",SUMIFS(Scores!$E$5:$E$256,Scores!$A$5:$A$256,Companies!$B$6,Scores!$B$5:$B$256,"autonomy",Scores!$D$5:$D$256,"B")) | E14: =IF(OR(C14="",D14=""),"",ABS(C14-D14)) | F14: =IF(E14="","",IF(E14>0.15,"REVIEW",""))
A15: =IF(Companies!$B$6="","",Companies!$B$6) | B15: pace | C15: =IF(OR(Companies!$B$6="",COUNTIFS(Scores!$A$5:$A$256,Companies!$B$6,Scores!$B$5:$B$256,"pace",Scores!$D$5:$D$256,"A")=0),"",SUMIFS(Scores!$E$5:$E$256,Scores!$A$5:$A$256,Companies!$B$6,Scores!$B$5:$B$256,"pace",Scores!$D$5:$D$256,"A")) | D15: =IF(OR(Companies!$B$6="",COUNTIFS(Scores!$A$5:$A$256,Companies!$B$6,Scores!$B$5:$B$256,"pace",Scores!$D$5:$D$256,"B")=0),"",SUMIFS(Scores!$E$5:$E$256,Scores!$A$5:$A$256,Companies!$B$6,Scores!$B$5:$B$256,"pace",Scores!$D$5:$D$256,"B")) | E15: =IF(OR(C15="",D15=""),"",ABS(C15-D15)) | F15: =IF(E15="","",IF(E15>0.15,"REVIEW",""))
A16: =IF(Companies!$B$6="","",Companies!$B$6) | B16: collaboration | C16: =IF(OR(Companies!$B$6="",COUNTIFS(Scores!$A$5:$A$256,Companies!$B$6,Scores!$B$5:$B$256,"collaboration",Scores!$D$5:$D$256,"A")=0),"",SUMIFS(Scores!$E$5:$E$256,Scores!$A$5:$A$256,Companies!$B$6,Scores!$B$5:$B$256,"collaboration",Scores!$D$5:$D$256,"A")) | D16: =IF(OR(Companies!$B$6="",COUNTIFS(Scores!$A$5:$A$256,Companies!$B$6,Scores!$B$5:$B$256,"collaboration",Scores!$D$5:$D$256,"B")=0),"",SUMIFS(Scores!$E$5:$E$256,Scores!$A$5:$A$256,Companies!$B$6,Scores!$B$5:$B$256,"collaboration",Scores!$D$5:$D$256,"B")) | E16: =IF(OR(C16="",D16=""),"",ABS(C16-D16)) | F16: =IF(E16="","",IF(E16>0.15,"REVIEW",""))
A17: =IF(Companies!$B$6="","",Companies!$B$6) | B17: feedback | C17: =IF(OR(Companies!$B$6="",COUNTIFS(Scores!$A$5:$A$256,Companies!$B$6,Scores!$B$5:$B$256,"feedback",Scores!$D$5:$D$256,"A")=0),"",SUMIFS(Scores!$E$5:$E$256,Scores!$A$5:$A$256,Companies!$B$6,Scores!$B$5:$B$256,"feedback",Scores!$D$5:$D$256,"A")) | D17: =IF(OR(Companies!$B$6="",COUNTIFS(Scores!$A$5:$A$256,Companies!$B$6,Scores!$B$5:$B$256,"feedback",Scores!$D$5:$D$256,"B")=0),"",SUMIFS(Scores!$E$5:$E$256,Scores!$A$5:$A$256,Companies!$B$6,Scores!$B$5:$B$256,"feedback",Scores!$D$5:$D$256,"B")) | E17: =IF(OR(C17="",D17=""),"",ABS(C17-D17)) | F17: =IF(E17="","",IF(E17>0.15,"REVIEW",""))
A18: =IF(Companies!$B$6="","",Companies!$B$6) | B18: innovation | C18: =IF(OR(Companies!$B$6="",COUNTIFS(Scores!$A$5:$A$256,Companies!$B$6,Scores!$B$5:$B$256,"innovation",Scores!$D$5:$D$256,"A")=0),"",SUMIFS(Scores!$E$5:$E$256,Scores!$A$5:$A$256,Companies!$B$6,Scores!$B$5:$B$256,"innovation",Scores!$D$5:$D$256,"A")) | D18: =IF(OR(Companies!$B$6="",COUNTIFS(Scores!$A$5:$A$256,Companies!$B$6,Scores!$B$5:$B$256,"innovation",Scores!$D$5:$D$256,"B")=0),"",SUMIFS(Scores!$E$5:$E$256,Scores!$A$5:$A$256,Companies!$B$6,Scores!$B$5:$B$256,"innovation",Scores!$D$5:$D$256,"B")) | E18: =IF(OR(C18="",D18=""),"",ABS(C18-D18)) | F18: =IF(E18="","",IF(E18>0.15,"REVIEW",""))
A19: =IF(Companies!$B$6="","",Companies!$B$6) | B19: decision | C19: =IF(OR(Companies!$B$6="",COUNTIFS(Scores!$A$5:$A$256,Companies!$B$6,Scores!$B$5:$B$256,"decision",Scores!$D$5:$D$256,"A")=0),"",SUMIFS(Scores!$E$5:$E$256,Scores!$A$5:$A$256,Companies!$B$6,Scores!$B$5:$B$256,"decision",Scores!$D$5:$D$256,"A")) | D19: =IF(OR(Companies!$B$6="",COUNTIFS(Scores!$A$5:$A$256,Companies!$B$6,Scores!$B$5:$B$256,"decision",Scores!$D$5:$D$256,"B")=0),"",SUMIFS(Scores!$E$5:$E$256,Scores!$A$5:$A$256,Companies!$B$6,Scores!$B$5:$B$256,"decision",Scores!$D$5:$D$256,"B")) | E19: =IF(OR(C19="",D19=""),"",ABS(C19-D19)) | F19: =IF(E19="","",IF(E19>0.15,"REVIEW",""))
A20: =IF(Companies!$B$7="","",Companies!$B$7) | B20: autonomy | C20: =IF(OR(Companies!$B$7="",COUNTIFS(Scores!$A$5:$A$256,Companies!$B$7,Scores!$B$5:$B$256,"autonomy",Scores!$D$5:$D$256,"A")=0),"",SUMIFS(Scores!$E$5:$E$256,Scores!$A$5:$A$256,Companies!$B$7,Scores!$B$5:$B$256,"autonomy",Scores!$D$5:$D$256,"A")) | D20: =IF(OR(Companies!$B$7="",COUNTIFS(Scores!$A$5:$A$256,Companies!$B$7,Scores!$B$5:$B$256,"autonomy",Scores!$D$5:$D$256,"B")=0),"",SUMIFS(Scores!$E$5:$E$256,Scores!$A$5:$A$256,Companies!$B$7,Scores!$B$5:$B$256,"autonomy",Scores!$D$5:$D$256,"B")) | E20: =IF(OR(C20="",D20=""),"",ABS(C20-D20)) | F20: =IF(E20="","",IF(E20>0.15,"REVIEW",""))
A21: =IF(Companies!$B$7="","",Companies!$B$7) | B21: pace | C21: =IF(OR(Companies!$B$7="",COUNTIFS(Scores!$A$5:$A$256,Companies!$B$7,Scores!$B$5:$B$256,"pace",Scores!$D$5:$D$256,"A")=0),"",SUMIFS(Scores!$E$5:$E$256,Scores!$A$5:$A$256,Companies!$B$7,Scores!$B$5:$B$256,"pace",Scores!$D$5:$D$256,"A")) | D21: =IF(OR(Companies!$B$7="",COUNTIFS(Scores!$A$5:$A$256,Companies!$B$7,Scores!$B$5:$B$256,"pace",Scores!$D$5:$D$256,"B")=0),"",SUMIFS(Scores!$E$5:$E$256,Scores!$A$5:$A$256,Companies!$B$7,Scores!$B$5:$B$256,"pace",Scores!$D$5:$D$256,"B")) | E21: =IF(OR(C21="",D21=""),"",ABS(C21-D21)) | F21: =IF(E21="","",IF(E21>0.15,"REVIEW",""))
A22: =IF(Companies!$B$7="","",Companies!$B$7) | B22: collaboration | C22: =IF(OR(Companies!$B$7="",COUNTIFS(Scores!$A$5:$A$256,Companies!$B$7,Scores!$B$5:$B$256,"collaboration",Scores!$D$5:$D$256,"A")=0),"",SUMIFS(Scores!$E$5:$E$256,Scores!$A$5:$A$256,Companies!$B$7,Scores!$B$5:$B$256,"collaboration",Scores!$D$5:$D$256,"A")) | D22: =IF(OR(Companies!$B$7="",COUNTIFS(Scores!$A$5:$A$256,Companies!$B$7,Scores!$B$5:$B$256,"collaboration",Scores!$D$5:$D$256,"B")=0),"",SUMIFS(Scores!$E$5:$E$256,Scores!$A$5:$A$256,Companies!$B$7,Scores!$B$5:$B$256,"collaboration",Scores!$D$5:$D$256,"B")) | E22: =IF(OR(C22="",D22=""),"",ABS(C22-D22)) | F22: =IF(E22="","",IF(E22>0.15,"REVIEW",""))
A23: =IF(Companies!$B$7="","",Companies!$B$7) | B23: feedback | C23: =IF(OR(Companies!$B$7="",COUNTIFS(Scores!$A$5:$A$256,Companies!$B$7,Scores!$B$5:$B$256,"feedback",Scores!$D$5:$D$256,"A")=0),"",SUMIFS(Scores!$E$5:$E$256,Scores!$A$5:$A$256,Companies!$B$7,Scores!$B$5:$B$256,"feedback",Scores!$D$5:$D$256,"A")) | D23: =IF(OR(Companies!$B$7="",COUNTIFS(Scores!$A$5:$A$256,Companies!$B$7,Scores!$B$5:$B$256,"feedback",Scores!$D$5:$D$256,"B")=0),"",SUMIFS(Scores!$E$5:$E$256,Scores!$A$5:$A$256,Companies!$B$7,Scores!$B$5:$B$256,"feedback",Scores!$D$5:$D$256,"B")) | E23: =IF(OR(C23="",D23=""),"",ABS(C23-D23)) | F23: =IF(E23="","",IF(E23>0.15,"REVIEW",""))
A24: =IF(Companies!$B$7="","",Companies!$B$7) | B24: innovation | C24: =IF(OR(Companies!$B$7="",COUNTIFS(Scores!$A$5:$A$256,Companies!$B$7,Scores!$B$5:$B$256,"innovation",Scores!$D$5:$D$256,"A")=0),"",SUMIFS(Scores!$E$5:$E$256,Scores!$A$5:$A$256,Companies!$B$7,Scores!$B$5:$B$256,"innovation",Scores!$D$5:$D$256,"A")) | D24: =IF(OR(Companies!$B$7="",COUNTIFS(Scores!$A$5:$A$256,Companies!$B$7,Scores!$B$5:$B$256,"innovation",Scores!$D$5:$D$256,"B")=0),"",SUMIFS(Scores!$E$5:$E$256,Scores!$A$5:$A$256,Companies!$B$7,Scores!$B$5:$B$256,"innovation",Scores!$D$5:$D$256,"B")) | E24: =IF(OR(C24="",D24=""),"",ABS(C24-D24)) | F24: =IF(E24="","",IF(E24>0.15,"REVIEW",""))
A25: =IF(Companies!$B$7="","",Companies!$B$7) | B25: decision | C25: =IF(OR(Companies!$B$7="",COUNTIFS(Scores!$A$5:$A$256,Companies!$B$7,Scores!$B$5:$B$256,"decision",Scores!$D$5:$D$256,"A")=0),"",SUMIFS(Scores!$E$5:$E$256,Scores!$A$5:$A$256,Companies!$B$7,Scores!$B$5:$B$256,"decision",Scores!$D$5:$D$256,"A")) | D25: =IF(OR(Companies!$B$7="",COUNTIFS(Scores!$A$5:$A$256,Companies!$B$7,Scores!$B$5:$B$256,"decision",Scores!$D$5:$D$256,"B")=0),"",SUMIFS(Scores!$E$5:$E$256,Scores!$A$5:$A$256,Companies!$B$7,Scores!$B$5:$B$256,"decision",Scores!$D$5:$D$256,"B")) | E25: =IF(OR(C25="",D25=""),"",ABS(C25-D25)) | F25: =IF(E25="","",IF(E25>0.15,"REVIEW",""))
A26: =IF(Companies!$B$8="","",Companies!$B$8) | B26: autonomy | C26: =IF(OR(Companies!$B$8="",COUNTIFS(Scores!$A$5:$A$256,Companies!$B$8,Scores!$B$5:$B$256,"autonomy",Scores!$D$5:$D$256,"A")=0),"",SUMIFS(Scores!$E$5:$E$256,Scores!$A$5:$A$256,Companies!$B$8,Scores!$B$5:$B$256,"autonomy",Scores!$D$5:$D$256,"A")) | D26: =IF(OR(Companies!$B$8="",COUNTIFS(Scores!$A$5:$A$256,Companies!$B$8,Scores!$B$5:$B$256,"autonomy",Scores!$D$5:$D$256,"B")=0),"",SUMIFS(Scores!$E$5:$E$256,Scores!$A$5:$A$256,Companies!$B$8,Scores!$B$5:$B$256,"autonomy",Scores!$D$5:$D$256,"B")) | E26: =IF(OR(C26="",D26=""),"",ABS(C26-D26)) | F26: =IF(E26="","",IF(E26>0.15,"REVIEW",""))
A27: =IF(Companies!$B$8="","",Companies!$B$8) | B27: pace | C27: =IF(OR(Companies!$B$8="",COUNTIFS(Scores!$A$5:$A$256,Companies!$B$8,Scores!$B$5:$B$256,"pace",Scores!$D$5:$D$256,"A")=0),"",SUMIFS(Scores!$E$5:$E$256,Scores!$A$5:$A$256,Companies!$B$8,Scores!$B$5:$B$256,"pace",Scores!$D$5:$D$256,"A")) | D27: =IF(OR(Companies!$B$8="",COUNTIFS(Scores!$A$5:$A$256,Companies!$B$8,Scores!$B$5:$B$256,"pace",Scores!$D$5:$D$256,"B")=0),"",SUMIFS(Scores!$E$5:$E$256,Scores!$A$5:$A$256,Companies!$B$8,Scores!$B$5:$B$256,"pace",Scores!$D$5:$D$256,"B")) | E27: =IF(OR(C27="",D27=""),"",ABS(C27-D27)) | F27: =IF(E27="","",IF(E27>0.15,"REVIEW",""))
A28: =IF(Companies!$B$8="","",Companies!$B$8) | B28: collaboration | C28: =IF(OR(Companies!$B$8="",COUNTIFS(Scores!$A$5:$A$256,Companies!$B$8,Scores!$B$5:$B$256,"collaboration",Scores!$D$5:$D$256,"A")=0),"",SUMIFS(Scores!$E$5:$E$256,Scores!$A$5:$A$256,Companies!$B$8,Scores!$B$5:$B$256,"collaboration",Scores!$D$5:$D$256,"A")) | D28: =IF(OR(Companies!$B$8="",COUNTIFS(Scores!$A$5:$A$256,Companies!$B$8,Scores!$B$5:$B$256,"collaboration",Scores!$D$5:$D$256,"B")=0),"",SUMIFS(Scores!$E$5:$E$256,Scores!$A$5:$A$256,Companies!$B$8,Scores!$B$5:$B$256,"collaboration",Scores!$D$5:$D$256,"B")) | E28: =IF(OR(C28="",D28=""),"",ABS(C28-D28)) | F28: =IF(E28="","",IF(E28>0.15,"REVIEW",""))
A29: =IF(Companies!$B$8="","",Companies!$B$8) | B29: feedback | C29: =IF(OR(Companies!$B$8="",COUNTIFS(Scores!$A$5:$A$256,Companies!$B$8,Scores!$B$5:$B$256,"feedback",Scores!$D$5:$D$256,"A")=0),"",SUMIFS(Scores!$E$5:$E$256,Scores!$A$5:$A$256,Companies!$B$8,Scores!$B$5:$B$256,"feedback",Scores!$D$5:$D$256,"A")) | D29: =IF(OR(Companies!$B$8="",COUNTIFS(Scores!$A$5:$A$256,Companies!$B$8,Scores!$B$5:$B$256,"feedback",Scores!$D$5:$D$256,"B")=0),"",SUMIFS(Scores!$E$5:$E$256,Scores!$A$5:$A$256,Companies!$B$8,Scores!$B$5:$B$256,"feedback",Scores!$D$5:$D$256,"B")) | E29: =IF(OR(C29="",D29=""),"",ABS(C29-D29)) | F29: =IF(E29="","",IF(E29>0.15,"REVIEW",""))
A30: =IF(Companies!$B$8="","",Companies!$B$8) | B30: innovation | C30: =IF(OR(Companies!$B$8="",COUNTIFS(Scores!$A$5:$A$256,Companies!$B$8,Scores!$B$5:$B$256,"innovation",Scores!$D$5:$D$256,"A")=0),"",SUMIFS(Scores!$E$5:$E$256,Scores!$A$5:$A$256,Companies!$B$8,Scores!$B$5:$B$256,"innovation",Scores!$D$5:$D$256,"A")) | D30: =IF(OR(Companies!$B$8="",COUNTIFS(Scores!$A$5:$A$256,Companies!$B$8,Scores!$B$5:$B$256,"innovation",Scores!$D$5:$D$256,"B")=0),"",SUMIFS(Scores!$E$5:$E$256,Scores!$A$5:$A$256,Companies!$B$8,Scores!$B$5:$B$256,"innovation",Scores!$D$5:$D$256,"B")) | E30: =IF(OR(C30="",D30=""),"",ABS(C30-D30)) | F30: =IF(E30="","",IF(E30>0.15,"REVIEW",""))
A31: =IF(Companies!$B$8="","",Companies!$B$8) | B31: decision | C31: =IF(OR(Companies!$B$8="",COUNTIFS(Scores!$A$5:$A$256,Companies!$B$8,Scores!$B$5:$B$256,"decision",Scores!$D$5:$D$256,"A")=0),"",SUMIFS(Scores!$E$5:$E$256,Scores!$A$5:$A$256,Companies!$B$8,Scores!$B$5:$B$256,"decision",Scores!$D$5:$D$256,"A")) | D31: =IF(OR(Companies!$B$8="",COUNTIFS(Scores!$A$5:$A$256,Companies!$B$8,Scores!$B$5:$B$256,"decision",Scores!$D$5:$D$256,"B")=0),"",SUMIFS(Scores!$E$5:$E$256,Scores!$A$5:$A$256,Companies!$B$8,Scores!$B$5:$B$256,"decision",Scores!$D$5:$D$256,"B")) | E31: =IF(OR(C31="",D31=""),"",ABS(C31-D31)) | F31: =IF(E31="","",IF(E31>0.15,"REVIEW",""))
A32: =IF(Companies!$B$9="","",Companies!$B$9) | B32: autonomy | C32: =IF(OR(Companies!$B$9="",COUNTIFS(Scores!$A$5:$A$256,Companies!$B$9,Scores!$B$5:$B$256,"autonomy",Scores!$D$5:$D$256,"A")=0),"",SUMIFS(Scores!$E$5:$E$256,Scores!$A$5:$A$256,Companies!$B$9,Scores!$B$5:$B$256,"autonomy",Scores!$D$5:$D$256,"A")) | D32: =IF(OR(Companies!$B$9="",COUNTIFS(Scores!$A$5:$A$256,Companies!$B$9,Scores!$B$5:$B$256,"autonomy",Scores!$D$5:$D$256,"B")=0),"",SUMIFS(Scores!$E$5:$E$256,Scores!$A$5:$A$256,Companies!$B$9,Scores!$B$5:$B$256,"autonomy",Scores!$D$5:$D$256,"B")) | E32: =IF(OR(C32="",D32=""),"",ABS(C32-D32)) | F32: =IF(E32="","",IF(E32>0.15,"REVIEW",""))
A33: =IF(Companies!$B$9="","",Companies!$B$9) | B33: pace | C33: =IF(OR(Companies!$B$9="",COUNTIFS(Scores!$A$5:$A$256,Companies!$B$9,Scores!$B$5:$B$256,"pace",Scores!$D$5:$D$256,"A")=0),"",SUMIFS(Scores!$E$5:$E$256,Scores!$A$5:$A$256,Companies!$B$9,Scores!$B$5:$B$256,"pace",Scores!$D$5:$D$256,"A")) | D33: =IF(OR(Companies!$B$9="",COUNTIFS(Scores!$A$5:$A$256,Companies!$B$9,Scores!$B$5:$B$256,"pace",Scores!$D$5:$D$256,"B")=0),"",SUMIFS(Scores!$E$5:$E$256,Scores!$A$5:$A$256,Companies!$B$9,Scores!$B$5:$B$256,"pace",Scores!$D$5:$D$256,"B")) | E33: =IF(OR(C33="",D33=""),"",ABS(C33-D33)) | F33: =IF(E33="","",IF(E33>0.15,"REVIEW",""))
A34: =IF(Companies!$B$9="","",Companies!$B$9) | B34: collaboration | C34: =IF(OR(Companies!$B$9="",COUNTIFS(Scores!$A$5:$A$256,Companies!$B$9,Scores!$B$5:$B$256,"collaboration",Scores!$D$5:$D$256,"A")=0),"",SUMIFS(Scores!$E$5:$E$256,Scores!$A$5:$A$256,Companies!$B$9,Scores!$B$5:$B$256,"collaboration",Scores!$D$5:$D$256,"A")) | D34: =IF(OR(Companies!$B$9="",COUNTIFS(Scores!$A$5:$A$256,Companies!$B$9,Scores!$B$5:$B$256,"collaboration",Scores!$D$5:$D$256,"B")=0),"",SUMIFS(Scores!$E$5:$E$256,Scores!$A$5:$A$256,Companies!$B$9,Scores!$B$5:$B$256,"collaboration",Scores!$D$5:$D$256,"B")) | E34: =IF(OR(C34="",D34=""),"",ABS(C34-D34)) | F34: =IF(E34="","",IF(E34>0.15,"REVIEW",""))
A35: =IF(Companies!$B$9="","",Companies!$B$9) | B35: feedback | C35: =IF(OR(Companies!$B$9="",COUNTIFS(Scores!$A$5:$A$256,Companies!$B$9,Scores!$B$5:$B$256,"feedback",Scores!$D$5:$D$256,"A")=0),"",SUMIFS(Scores!$E$5:$E$256,Scores!$A$5:$A$256,Companies!$B$9,Scores!$B$5:$B$256,"feedback",Scores!$D$5:$D$256,"A")) | D35: =IF(OR(Companies!$B$9="",COUNTIFS(Scores!$A$5:$A$256,Companies!$B$9,Scores!$B$5:$B$256,"feedback",Scores!$D$5:$D$256,"B")=0),"",SUMIFS(Scores!$E$5:$E$256,Scores!$A$5:$A$256,Companies!$B$9,Scores!$B$5:$B$256,"feedback",Scores!$D$5:$D$256,"B")) | E35: =IF(OR(C35="",D35=""),"",ABS(C35-D35)) | F35: =IF(E35="","",IF(E35>0.15,"REVIEW",""))
A36: =IF(Companies!$B$9="","",Companies!$B$9) | B36: innovation | C36: =IF(OR(Companies!$B$9="",COUNTIFS(Scores!$A$5:$A$256,Companies!$B$9,Scores!$B$5:$B$256,"innovation",Scores!$D$5:$D$256,"A")=0),"",SUMIFS(Scores!$E$5:$E$256,Scores!$A$5:$A$256,Companies!$B$9,Scores!$B$5:$B$256,"innovation",Scores!$D$5:$D$256,"A")) | D36: =IF(OR(Companies!$B$9="",COUNTIFS(Scores!$A$5:$A$256,Companies!$B$9,Scores!$B$5:$B$256,"innovation",Scores!$D$5:$D$256,"B")=0),"",SUMIFS(Scores!$E$5:$E$256,Scores!$A$5:$A$256,Companies!$B$9,Scores!$B$5:$B$256,"innovation",Scores!$D$5:$D$256,"B")) | E36: =IF(OR(C36="",D36=""),"",ABS(C36-D36)) | F36: =IF(E36="","",IF(E36>0.15,"REVIEW",""))
A37: =IF(Companies!$B$9="","",Companies!$B$9) | B37: decision | C37: =IF(OR(Companies!$B$9="",COUNTIFS(Scores!$A$5:$A$256,Companies!$B$9,Scores!$B$5:$B$256,"decision",Scores!$D$5:$D$256,"A")=0),"",SUMIFS(Scores!$E$5:$E$256,Scores!$A$5:$A$256,Companies!$B$9,Scores!$B$5:$B$256,"decision",Scores!$D$5:$D$256,"A")) | D37: =IF(OR(Companies!$B$9="",COUNTIFS(Scores!$A$5:$A$256,Companies!$B$9,Scores!$B$5:$B$256,"decision",Scores!$D$5:$D$256,"B")=0),"",SUMIFS(Scores!$E$5:$E$256,Scores!$A$5:$A$256,Companies!$B$9,Scores!$B$5:$B$256,"decision",Scores!$D$5:$D$256,"B")) | E37: =IF(OR(C37="",D37=""),"",ABS(C37-D37)) | F37: =IF(E37="","",IF(E37>0.15,"REVIEW",""))
A38: =IF(Companies!$B$10="","",Companies!$B$10) | B38: autonomy | C38: =IF(OR(Companies!$B$10="",COUNTIFS(Scores!$A$5:$A$256,Companies!$B$10,Scores!$B$5:$B$256,"autonomy",Scores!$D$5:$D$256,"A")=0),"",SUMIFS(Scores!$E$5:$E$256,Scores!$A$5:$A$256,Companies!$B$10,Scores!$B$5:$B$256,"autonomy",Scores!$D$5:$D$256,"A")) | D38: =IF(OR(Companies!$B$10="",COUNTIFS(Scores!$A$5:$A$256,Companies!$B$10,Scores!$B$5:$B$256,"autonomy",Scores!$D$5:$D$256,"B")=0),"",SUMIFS(Scores!$E$5:$E$256,Scores!$A$5:$A$256,Companies!$B$10,Scores!$B$5:$B$256,"autonomy",Scores!$D$5:$D$256,"B")) | E38: =IF(OR(C38="",D38=""),"",ABS(C38-D38)) | F38: =IF(E38="","",IF(E38>0.15,"REVIEW",""))
A39: =IF(Companies!$B$10="","",Companies!$B$10) | B39: pace | C39: =IF(OR(Companies!$B$10="",COUNTIFS(Scores!$A$5:$A$256,Companies!$B$10,Scores!$B$5:$B$256,"pace",Scores!$D$5:$D$256,"A")=0),"",SUMIFS(Scores!$E$5:$E$256,Scores!$A$5:$A$256,Companies!$B$10,Scores!$B$5:$B$256,"pace",Scores!$D$5:$D$256,"A")) | D39: =IF(OR(Companies!$B$10="",COUNTIFS(Scores!$A$5:$A$256,Companies!$B$10,Scores!$B$5:$B$256,"pace",Scores!$D$5:$D$256,"B")=0),"",SUMIFS(Scores!$E$5:$E$256,Scores!$A$5:$A$256,Companies!$B$10,Scores!$B$5:$B$256,"pace",Scores!$D$5:$D$256,"B")) | E39: =IF(OR(C39="",D39=""),"",ABS(C39-D39)) | F39: =IF(E39="","",IF(E39>0.15,"REVIEW",""))
A40: =IF(Companies!$B$10="","",Companies!$B$10) | B40: collaboration | C40: =IF(OR(Companies!$B$10="",COUNTIFS(Scores!$A$5:$A$256,Companies!$B$10,Scores!$B$5:$B$256,"collaboration",Scores!$D$5:$D$256,"A")=0),"",SUMIFS(Scores!$E$5:$E$256,Scores!$A$5:$A$256,Companies!$B$10,Scores!$B$5:$B$256,"collaboration",Scores!$D$5:$D$256,"A")) | D40: =IF(OR(Companies!$B$10="",COUNTIFS(Scores!$A$5:$A$256,Companies!$B$10,Scores!$B$5:$B$256,"collaboration",Scores!$D$5:$D$256,"B")=0),"",SUMIFS(Scores!$E$5:$E$256,Scores!$A$5:$A$256,Companies!$B$10,Scores!$B$5:$B$256,"collaboration",Scores!$D$5:$D$256,"B")) | E40: =IF(OR(C40="",D40=""),"",ABS(C40-D40)) | F40: =IF(E40="","",IF(E40>0.15,"REVIEW",""))
A41: =IF(Companies!$B$10="","",Companies!$B$10) | B41: feedback | C41: =IF(OR(Companies!$B$10="",COUNTIFS(Scores!$A$5:$A$256,Companies!$B$10,Scores!$B$5:$B$256,"feedback",Scores!$D$5:$D$256,"A")=0),"",SUMIFS(Scores!$E$5:$E$256,Scores!$A$5:$A$256,Companies!$B$10,Scores!$B$5:$B$256,"feedback",Scores!$D$5:$D$256,"A")) | D41: =IF(OR(Companies!$B$10="",COUNTIFS(Scores!$A$5:$A$256,Companies!$B$10,Scores!$B$5:$B$256,"feedback",Scores!$D$5:$D$256,"B")=0),"",SUMIFS(Scores!$E$5:$E$256,Scores!$A$5:$A$256,Companies!$B$10,Scores!$B$5:$B$256,"feedback",Scores!$D$5:$D$256,"B")) | E41: =IF(OR(C41="",D41=""),"",ABS(C41-D41)) | F41: =IF(E41="","",IF(E41>0.15,"REVIEW",""))
A42: =IF(Companies!$B$10="","",Companies!$B$10) | B42: innovation | C42: =IF(OR(Companies!$B$10="",COUNTIFS(Scores!$A$5:$A$256,Companies!$B$10,Scores!$B$5:$B$256,"innovation",Scores!$D$5:$D$256,"A")=0),"",SUMIFS(Scores!$E$5:$E$256,Scores!$A$5:$A$256,Companies!$B$10,Scores!$B$5:$B$256,"innovation",Scores!$D$5:$D$256,"A")) | D42: =IF(OR(Companies!$B$10="",COUNTIFS(Scores!$A$5:$A$256,Companies!$B$10,Scores!$B$5:$B$256,"innovation",Scores!$D$5:$D$256,"B")=0),"",SUMIFS(Scores!$E$5:$E$256,Scores!$A$5:$A$256,Companies!$B$10,Scores!$B$5:$B$256,"innovation",Scores!$D$5:$D$256,"B")) | E42: =IF(OR(C42="",D42=""),"",ABS(C42-D42)) | F42: =IF(E42="","",IF(E42>0.15,"REVIEW",""))
A43: =IF(Companies!$B$10="","",Companies!$B$10) | B43: decision | C43: =IF(OR(Companies!$B$10="",COUNTIFS(Scores!$A$5:$A$256,Companies!$B$10,Scores!$B$5:$B$256,"decision",Scores!$D$5:$D$256,"A")=0),"",SUMIFS(Scores!$E$5:$E$256,Scores!$A$5:$A$256,Companies!$B$10,Scores!$B$5:$B$256,"decision",Scores!$D$5:$D$256,"A")) | D43: =IF(OR(Companies!$B$10="",COUNTIFS(Scores!$A$5:$A$256,Companies!$B$10,Scores!$B$5:$B$256,"decision",Scores!$D$5:$D$256,"B")=0),"",SUMIFS(Scores!$E$5:$E$256,Scores!$A$5:$A$256,Companies!$B$10,Scores!$B$5:$B$256,"decision",Scores!$D$5:$D$256,"B")) | E43: =IF(OR(C43="",D43=""),"",ABS(C43-D43)) | F43: =IF(E43="","",IF(E43>0.15,"REVIEW",""))
A44: =IF(Companies!$B$11="","",Companies!$B$11) | B44: autonomy | C44: =IF(OR(Companies!$B$11="",COUNTIFS(Scores!$A$5:$A$256,Companies!$B$11,Scores!$B$5:$B$256,"autonomy",Scores!$D$5:$D$256,"A")=0),"",SUMIFS(Scores!$E$5:$E$256,Scores!$A$5:$A$256,Companies!$B$11,Scores!$B$5:$B$256,"autonomy",Scores!$D$5:$D$256,"A")) | D44: =IF(OR(Companies!$B$11="",COUNTIFS(Scores!$A$5:$A$256,Companies!$B$11,Scores!$B$5:$B$256,"autonomy",Scores!$D$5:$D$256,"B")=0),"",SUMIFS(Scores!$E$5:$E$256,Scores!$A$5:$A$256,Companies!$B$11,Scores!$B$5:$B$256,"autonomy",Scores!$D$5:$D$256,"B")) | E44: =IF(OR(C44="",D44=""),"",ABS(C44-D44)) | F44: =IF(E44="","",IF(E44>0.15,"REVIEW",""))
A45: =IF(Companies!$B$11="","",Companies!$B$11) | B45: pace | C45: =IF(OR(Companies!$B$11="",COUNTIFS(Scores!$A$5:$A$256,Companies!$B$11,Scores!$B$5:$B$256,"pace",Scores!$D$5:$D$256,"A")=0),"",SUMIFS(Scores!$E$5:$E$256,Scores!$A$5:$A$256,Companies!$B$11,Scores!$B$5:$B$256,"pace",Scores!$D$5:$D$256,"A")) | D45: =IF(OR(Companies!$B$11="",COUNTIFS(Scores!$A$5:$A$256,Companies!$B$11,Scores!$B$5:$B$256,"pace",Scores!$D$5:$D$256,"B")=0),"",SUMIFS(Scores!$E$5:$E$256,Scores!$A$5:$A$256,Companies!$B$11,Scores!$B$5:$B$256,"pace",Scores!$D$5:$D$256,"B")) | E45: =IF(OR(C45="",D45=""),"",ABS(C45-D45)) | F45: =IF(E45="","",IF(E45>0.15,"REVIEW",""))
A46: =IF(Companies!$B$11="","",Companies!$B$11) | B46: collaboration | C46: =IF(OR(Companies!$B$11="",COUNTIFS(Scores!$A$5:$A$256,Companies!$B$11,Scores!$B$5:$B$256,"collaboration",Scores!$D$5:$D$256,"A")=0),"",SUMIFS(Scores!$E$5:$E$256,Scores!$A$5:$A$256,Companies!$B$11,Scores!$B$5:$B$256,"collaboration",Scores!$D$5:$D$256,"A")) | D46: =IF(OR(Companies!$B$11="",COUNTIFS(Scores!$A$5:$A$256,Companies!$B$11,Scores!$B$5:$B$256,"collaboration",Scores!$D$5:$D$256,"B")=0),"",SUMIFS(Scores!$E$5:$E$256,Scores!$A$5:$A$256,Companies!$B$11,Scores!$B$5:$B$256,"collaboration",Scores!$D$5:$D$256,"B")) | E46: =IF(OR(C46="",D46=""),"",ABS(C46-D46)) | F46: =IF(E46="","",IF(E46>0.15,"REVIEW",""))
A47: =IF(Companies!$B$11="","",Companies!$B$11) | B47: feedback | C47: =IF(OR(Companies!$B$11="",COUNTIFS(Scores!$A$5:$A$256,Companies!$B$11,Scores!$B$5:$B$256,"feedback",Scores!$D$5:$D$256,"A")=0),"",SUMIFS(Scores!$E$5:$E$256,Scores!$A$5:$A$256,Companies!$B$11,Scores!$B$5:$B$256,"feedback",Scores!$D$5:$D$256,"A")) | D47: =IF(OR(Companies!$B$11="",COUNTIFS(Scores!$A$5:$A$256,Companies!$B$11,Scores!$B$5:$B$256,"feedback",Scores!$D$5:$D$256,"B")=0),"",SUMIFS(Scores!$E$5:$E$256,Scores!$A$5:$A$256,Companies!$B$11,Scores!$B$5:$B$256,"feedback",Scores!$D$5:$D$256,"B")) | E47: =IF(OR(C47="",D47=""),"",ABS(C47-D47)) | F47: =IF(E47="","",IF(E47>0.15,"REVIEW",""))
A48: =IF(Companies!$B$11="","",Companies!$B$11) | B48: innovation | C48: =IF(OR(Companies!$B$11="",COUNTIFS(Scores!$A$5:$A$256,Companies!$B$11,Scores!$B$5:$B$256,"innovation",Scores!$D$5:$D$256,"A")=0),"",SUMIFS(Scores!$E$5:$E$256,Scores!$A$5:$A$256,Companies!$B$11,Scores!$B$5:$B$256,"innovation",Scores!$D$5:$D$256,"A")) | D48: =IF(OR(Companies!$B$11="",COUNTIFS(Scores!$A$5:$A$256,Companies!$B$11,Scores!$B$5:$B$256,"innovation",Scores!$D$5:$D$256,"B")=0),"",SUMIFS(Scores!$E$5:$E$256,Scores!$A$5:$A$256,Companies!$B$11,Scores!$B$5:$B$256,"innovation",Scores!$D$5:$D$256,"B")) | E48: =IF(OR(C48="",D48=""),"",ABS(C48-D48)) | F48: =IF(E48="","",IF(E48>0.15,"REVIEW",""))
A49: =IF(Companies!$B$11="","",Companies!$B$11) | B49: decision | C49: =IF(OR(Companies!$B$11="",COUNTIFS(Scores!$A$5:$A$256,Companies!$B$11,Scores!$B$5:$B$256,"decision",Scores!$D$5:$D$256,"A")=0),"",SUMIFS(Scores!$E$5:$E$256,Scores!$A$5:$A$256,Companies!$B$11,Scores!$B$5:$B$256,"decision",Scores!$D$5:$D$256,"A")) | D49: =IF(OR(Companies!$B$11="",COUNTIFS(Scores!$A$5:$A$256,Companies!$B$11,Scores!$B$5:$B$256,"decision",Scores!$D$5:$D$256,"B")=0),"",SUMIFS(Scores!$E$5:$E$256,Scores!$A$5:$A$256,Companies!$B$11,Scores!$B$5:$B$256,"decision",Scores!$D$5:$D$256,"B")) | E49: =IF(OR(C49="",D49=""),"",ABS(C49-D49)) | F49: =IF(E49="","",IF(E49>0.15,"REVIEW",""))
A50: =IF(Companies!$B$12="","",Companies!$B$12) | B50: autonomy | C50: =IF(OR(Companies!$B$12="",COUNTIFS(Scores!$A$5:$A$256,Companies!$B$12,Scores!$B$5:$B$256,"autonomy",Scores!$D$5:$D$256,"A")=0),"",SUMIFS(Scores!$E$5:$E$256,Scores!$A$5:$A$256,Companies!$B$12,Scores!$B$5:$B$256,"autonomy",Scores!$D$5:$D$256,"A")) | D50: =IF(OR(Companies!$B$12="",COUNTIFS(Scores!$A$5:$A$256,Companies!$B$12,Scores!$B$5:$B$256,"autonomy",Scores!$D$5:$D$256,"B")=0),"",SUMIFS(Scores!$E$5:$E$256,Scores!$A$5:$A$256,Companies!$B$12,Scores!$B$5:$B$256,"autonomy",Scores!$D$5:$D$256,"B")) | E50: =IF(OR(C50="",D50=""),"",ABS(C50-D50)) | F50: =IF(E50="","",IF(E50>0.15,"REVIEW",""))
A51: =IF(Companies!$B$12="","",Companies!$B$12) | B51: pace | C51: =IF(OR(Companies!$B$12="",COUNTIFS(Scores!$A$5:$A$256,Companies!$B$12,Scores!$B$5:$B$256,"pace",Scores!$D$5:$D$256,"A")=0),"",SUMIFS(Scores!$E$5:$E$256,Scores!$A$5:$A$256,Companies!$B$12,Scores!$B$5:$B$256,"pace",Scores!$D$5:$D$256,"A")) | D51: =IF(OR(Companies!$B$12="",COUNTIFS(Scores!$A$5:$A$256,Companies!$B$12,Scores!$B$5:$B$256,"pace",Scores!$D$5:$D$256,"B")=0),"",SUMIFS(Scores!$E$5:$E$256,Scores!$A$5:$A$256,Companies!$B$12,Scores!$B$5:$B$256,"pace",Scores!$D$5:$D$256,"B")) | E51: =IF(OR(C51="",D51=""),"",ABS(C51-D51)) | F51: =IF(E51="","",IF(E51>0.15,"REVIEW",""))
A52: =IF(Companies!$B$12="","",Companies!$B$12) | B52: collaboration | C52: =IF(OR(Companies!$B$12="",COUNTIFS(Scores!$A$5:$A$256,Companies!$B$12,Scores!$B$5:$B$256,"collaboration",Scores!$D$5:$D$256,"A")=0),"",SUMIFS(Scores!$E$5:$E$256,Scores!$A$5:$A$256,Companies!$B$12,Scores!$B$5:$B$256,"collaboration",Scores!$D$5:$D$256,"A")) | D52: =IF(OR(Companies!$B$12="",COUNTIFS(Scores!$A$5:$A$256,Companies!$B$12,Scores!$B$5:$B$256,"collaboration",Scores!$D$5:$D$256,"B")=0),"",SUMIFS(Scores!$E$5:$E$256,Scores!$A$5:$A$256,Companies!$B$12,Scores!$B$5:$B$256,"collaboration",Scores!$D$5:$D$256,"B")) | E52: =IF(OR(C52="",D52=""),"",ABS(C52-D52)) | F52: =IF(E52="","",IF(E52>0.15,"REVIEW",""))
A53: =IF(Companies!$B$12="","",Companies!$B$12) | B53: feedback | C53: =IF(OR(Companies!$B$12="",COUNTIFS(Scores!$A$5:$A$256,Companies!$B$12,Scores!$B$5:$B$256,"feedback",Scores!$D$5:$D$256,"A")=0),"",SUMIFS(Scores!$E$5:$E$256,Scores!$A$5:$A$256,Companies!$B$12,Scores!$B$5:$B$256,"feedback",Scores!$D$5:$D$256,"A")) | D53: =IF(OR(Companies!$B$12="",COUNTIFS(Scores!$A$5:$A$256,Companies!$B$12,Scores!$B$5:$B$256,"feedback",Scores!$D$5:$D$256,"B")=0),"",SUMIFS(Scores!$E$5:$E$256,Scores!$A$5:$A$256,Companies!$B$12,Scores!$B$5:$B$256,"feedback",Scores!$D$5:$D$256,"B")) | E53: =IF(OR(C53="",D53=""),"",ABS(C53-D53)) | F53: =IF(E53="","",IF(E53>0.15,"REVIEW",""))
A54: =IF(Companies!$B$12="","",Companies!$B$12) | B54: innovation | C54: =IF(OR(Companies!$B$12="",COUNTIFS(Scores!$A$5:$A$256,Companies!$B$12,Scores!$B$5:$B$256,"innovation",Scores!$D$5:$D$256,"A")=0),"",SUMIFS(Scores!$E$5:$E$256,Scores!$A$5:$A$256,Companies!$B$12,Scores!$B$5:$B$256,"innovation",Scores!$D$5:$D$256,"A")) | D54: =IF(OR(Companies!$B$12="",COUNTIFS(Scores!$A$5:$A$256,Companies!$B$12,Scores!$B$5:$B$256,"innovation",Scores!$D$5:$D$256,"B")=0),"",SUMIFS(Scores!$E$5:$E$256,Scores!$A$5:$A$256,Companies!$B$12,Scores!$B$5:$B$256,"innovation",Scores!$D$5:$D$256,"B")) | E54: =IF(OR(C54="",D54=""),"",ABS(C54-D54)) | F54: =IF(E54="","",IF(E54>0.15,"REVIEW",""))
A55: =IF(Companies!$B$12="","",Companies!$B$12) | B55: decision | C55: =IF(OR(Companies!$B$12="",COUNTIFS(Scores!$A$5:$A$256,Companies!$B$12,Scores!$B$5:$B$256,"decision",Scores!$D$5:$D$256,"A")=0),"",SUMIFS(Scores!$E$5:$E$256,Scores!$A$5:$A$256,Companies!$B$12,Scores!$B$5:$B$256,"decision",Scores!$D$5:$D$256,"A")) | D55: =IF(OR(Companies!$B$12="",COUNTIFS(Scores!$A$5:$A$256,Companies!$B$12,Scores!$B$5:$B$256,"decision",Scores!$D$5:$D$256,"B")=0),"",SUMIFS(Scores!$E$5:$E$256,Scores!$A$5:$A$256,Companies!$B$12,Scores!$B$5:$B$256,"decision",Scores!$D$5:$D$256,"B")) | E55: =IF(OR(C55="",D55=""),"",ABS(C55-D55)) | F55: =IF(E55="","",IF(E55>0.15,"REVIEW",""))
A56: =IF(Companies!$B$13="","",Companies!$B$13) | B56: autonomy | C56: =IF(OR(Companies!$B$13="",COUNTIFS(Scores!$A$5:$A$256,Companies!$B$13,Scores!$B$5:$B$256,"autonomy",Scores!$D$5:$D$256,"A")=0),"",SUMIFS(Scores!$E$5:$E$256,Scores!$A$5:$A$256,Companies!$B$13,Scores!$B$5:$B$256,"autonomy",Scores!$D$5:$D$256,"A")) | D56: =IF(OR(Companies!$B$13="",COUNTIFS(Scores!$A$5:$A$256,Companies!$B$13,Scores!$B$5:$B$256,"autonomy",Scores!$D$5:$D$256,"B")=0),"",SUMIFS(Scores!$E$5:$E$256,Scores!$A$5:$A$256,Companies!$B$13,Scores!$B$5:$B$256,"autonomy",Scores!$D$5:$D$256,"B")) | E56: =IF(OR(C56="",D56=""),"",ABS(C56-D56)) | F56: =IF(E56="","",IF(E56>0.15,"REVIEW",""))
A57: =IF(Companies!$B$13="","",Companies!$B$13) | B57: pace | C57: =IF(OR(Companies!$B$13="",COUNTIFS(Scores!$A$5:$A$256,Companies!$B$13,Scores!$B$5:$B$256,"pace",Scores!$D$5:$D$256,"A")=0),"",SUMIFS(Scores!$E$5:$E$256,Scores!$A$5:$A$256,Companies!$B$13,Scores!$B$5:$B$256,"pace",Scores!$D$5:$D$256,"A")) | D57: =IF(OR(Companies!$B$13="",COUNTIFS(Scores!$A$5:$A$256,Companies!$B$13,Scores!$B$5:$B$256,"pace",Scores!$D$5:$D$256,"B")=0),"",SUMIFS(Scores!$E$5:$E$256,Scores!$A$5:$A$256,Companies!$B$13,Scores!$B$5:$B$256,"pace",Scores!$D$5:$D$256,"B")) | E57: =IF(OR(C57="",D57=""),"",ABS(C57-D57)) | F57: =IF(E57="","",IF(E57>0.15,"REVIEW",""))
A58: =IF(Companies!$B$13="","",Companies!$B$13) | B58: collaboration | C58: =IF(OR(Companies!$B$13="",COUNTIFS(Scores!$A$5:$A$256,Companies!$B$13,Scores!$B$5:$B$256,"collaboration",Scores!$D$5:$D$256,"A")=0),"",SUMIFS(Scores!$E$5:$E$256,Scores!$A$5:$A$256,Companies!$B$13,Scores!$B$5:$B$256,"collaboration",Scores!$D$5:$D$256,"A")) | D58: =IF(OR(Companies!$B$13="",COUNTIFS(Scores!$A$5:$A$256,Companies!$B$13,Scores!$B$5:$B$256,"collaboration",Scores!$D$5:$D$256,"B")=0),"",SUMIFS(Scores!$E$5:$E$256,Scores!$A$5:$A$256,Companies!$B$13,Scores!$B$5:$B$256,"collaboration",Scores!$D$5:$D$256,"B")) | E58: =IF(OR(C58="",D58=""),"",ABS(C58-D58)) | F58: =IF(E58="","",IF(E58>0.15,"REVIEW",""))
A59: =IF(Companies!$B$13="","",Companies!$B$13) | B59: feedback | C59: =IF(OR(Companies!$B$13="",COUNTIFS(Scores!$A$5:$A$256,Companies!$B$13,Scores!$B$5:$B$256,"feedback",Scores!$D$5:$D$256,"A")=0),"",SUMIFS(Scores!$E$5:$E$256,Scores!$A$5:$A$256,Companies!$B$13,Scores!$B$5:$B$256,"feedback",Scores!$D$5:$D$256,"A")) | D59: =IF(OR(Companies!$B$13="",COUNTIFS(Scores!$A$5:$A$256,Companies!$B$13,Scores!$B$5:$B$256,"feedback",Scores!$D$5:$D$256,"B")=0),"",SUMIFS(Scores!$E$5:$E$256,Scores!$A$5:$A$256,Companies!$B$13,Scores!$B$5:$B$256,"feedback",Scores!$D$5:$D$256,"B")) | E59: =IF(OR(C59="",D59=""),"",ABS(C59-D59)) | F59: =IF(E59="","",IF(E59>0.15,"REVIEW",""))
A60: =IF(Companies!$B$13="","",Companies!$B$13) | B60: innovation | C60: =IF(OR(Companies!$B$13="",COUNTIFS(Scores!$A$5:$A$256,Companies!$B$13,Scores!$B$5:$B$256,"innovation",Scores!$D$5:$D$256,"A")=0),"",SUMIFS(Scores!$E$5:$E$256,Scores!$A$5:$A$256,Companies!$B$13,Scores!$B$5:$B$256,"innovation",Scores!$D$5:$D$256,"A")) | D60: =IF(OR(Companies!$B$13="",COUNTIFS(Scores!$A$5:$A$256,Companies!$B$13,Scores!$B$5:$B$256,"innovation",Scores!$D$5:$D$256,"B")=0),"",SUMIFS(Scores!$E$5:$E$256,Scores!$A$5:$A$256,Companies!$B$13,Scores!$B$5:$B$256,"innovation",Scores!$D$5:$D$256,"B")) | E60: =IF(OR(C60="",D60=""),"",ABS(C60-D60)) | F60: =IF(E60="","",IF(E60>0.15,"REVIEW",""))
A61: =IF(Companies!$B$13="","",Companies!$B$13) | B61: decision | C61: =IF(OR(Companies!$B$13="",COUNTIFS(Scores!$A$5:$A$256,Companies!$B$13,Scores!$B$5:$B$256,"decision",Scores!$D$5:$D$256,"A")=0),"",SUMIFS(Scores!$E$5:$E$256,Scores!$A$5:$A$256,Companies!$B$13,Scores!$B$5:$B$256,"decision",Scores!$D$5:$D$256,"A")) | D61: =IF(OR(Companies!$B$13="",COUNTIFS(Scores!$A$5:$A$256,Companies!$B$13,Scores!$B$5:$B$256,"decision",Scores!$D$5:$D$256,"B")=0),"",SUMIFS(Scores!$E$5:$E$256,Scores!$A$5:$A$256,Companies!$B$13,Scores!$B$5:$B$256,"decision",Scores!$D$5:$D$256,"B")) | E61: =IF(OR(C61="",D61=""),"",ABS(C61-D61)) | F61: =IF(E61="","",IF(E61>0.15,"REVIEW",""))
A62: =IF(Companies!$B$14="","",Companies!$B$14) | B62: autonomy | C62: =IF(OR(Companies!$B$14="",COUNTIFS(Scores!$A$5:$A$256,Companies!$B$14,Scores!$B$5:$B$256,"autonomy",Scores!$D$5:$D$256,"A")=0),"",SUMIFS(Scores!$E$5:$E$256,Scores!$A$5:$A$256,Companies!$B$14,Scores!$B$5:$B$256,"autonomy",Scores!$D$5:$D$256,"A")) | D62: =IF(OR(Companies!$B$14="",COUNTIFS(Scores!$A$5:$A$256,Companies!$B$14,Scores!$B$5:$B$256,"autonomy",Scores!$D$5:$D$256,"B")=0),"",SUMIFS(Scores!$E$5:$E$256,Scores!$A$5:$A$256,Companies!$B$14,Scores!$B$5:$B$256,"autonomy",Scores!$D$5:$D$256,"B")) | E62: =IF(OR(C62="",D62=""),"",ABS(C62-D62)) | F62: =IF(E62="","",IF(E62>0.15,"REVIEW",""))
A63: =IF(Companies!$B$14="","",Companies!$B$14) | B63: pace | C63: =IF(OR(Companies!$B$14="",COUNTIFS(Scores!$A$5:$A$256,Companies!$B$14,Scores!$B$5:$B$256,"pace",Scores!$D$5:$D$256,"A")=0),"",SUMIFS(Scores!$E$5:$E$256,Scores!$A$5:$A$256,Companies!$B$14,Scores!$B$5:$B$256,"pace",Scores!$D$5:$D$256,"A")) | D63: =IF(OR(Companies!$B$14="",COUNTIFS(Scores!$A$5:$A$256,Companies!$B$14,Scores!$B$5:$B$256,"pace",Scores!$D$5:$D$256,"B")=0),"",SUMIFS(Scores!$E$5:$E$256,Scores!$A$5:$A$256,Companies!$B$14,Scores!$B$5:$B$256,"pace",Scores!$D$5:$D$256,"B")) | E63: =IF(OR(C63="",D63=""),"",ABS(C63-D63)) | F63: =IF(E63="","",IF(E63>0.15,"REVIEW",""))
A64: =IF(Companies!$B$14="","",Companies!$B$14) | B64: collaboration | C64: =IF(OR(Companies!$B$14="",COUNTIFS(Scores!$A$5:$A$256,Companies!$B$14,Scores!$B$5:$B$256,"collaboration",Scores!$D$5:$D$256,"A")=0),"",SUMIFS(Scores!$E$5:$E$256,Scores!$A$5:$A$256,Companies!$B$14,Scores!$B$5:$B$256,"collaboration",Scores!$D$5:$D$256,"A")) | D64: =IF(OR(Companies!$B$14="",COUNTIFS(Scores!$A$5:$A$256,Companies!$B$14,Scores!$B$5:$B$256,"collaboration",Scores!$D$5:$D$256,"B")=0),"",SUMIFS(Scores!$E$5:$E$256,Scores!$A$5:$A$256,Companies!$B$14,Scores!$B$5:$B$256,"collaboration",Scores!$D$5:$D$256,"B")) | E64: =IF(OR(C64="",D64=""),"",ABS(C64-D64)) | F64: =IF(E64="","",IF(E64>0.15,"REVIEW",""))
A65: =IF(Companies!$B$14="","",Companies!$B$14) | B65: feedback | C65: =IF(OR(Companies!$B$14="",COUNTIFS(Scores!$A$5:$A$256,Companies!$B$14,Scores!$B$5:$B$256,"feedback",Scores!$D$5:$D$256,"A")=0),"",SUMIFS(Scores!$E$5:$E$256,Scores!$A$5:$A$256,Companies!$B$14,Scores!$B$5:$B$256,"feedback",Scores!$D$5:$D$256,"A")) | D65: =IF(OR(Companies!$B$14="",COUNTIFS(Scores!$A$5:$A$256,Companies!$B$14,Scores!$B$5:$B$256,"feedback",Scores!$D$5:$D$256,"B")=0),"",SUMIFS(Scores!$E$5:$E$256,Scores!$A$5:$A$256,Companies!$B$14,Scores!$B$5:$B$256,"feedback",Scores!$D$5:$D$256,"B")) | E65: =IF(OR(C65="",D65=""),"",ABS(C65-D65)) | F65: =IF(E65="","",IF(E65>0.15,"REVIEW",""))
A66: =IF(Companies!$B$14="","",Companies!$B$14) | B66: innovation | C66: =IF(OR(Companies!$B$14="",COUNTIFS(Scores!$A$5:$A$256,Companies!$B$14,Scores!$B$5:$B$256,"innovation",Scores!$D$5:$D$256,"A")=0),"",SUMIFS(Scores!$E$5:$E$256,Scores!$A$5:$A$256,Companies!$B$14,Scores!$B$5:$B$256,"innovation",Scores!$D$5:$D$256,"A")) | D66: =IF(OR(Companies!$B$14="",COUNTIFS(Scores!$A$5:$A$256,Companies!$B$14,Scores!$B$5:$B$256,"innovation",Scores!$D$5:$D$256,"B")=0),"",SUMIFS(Scores!$E$5:$E$256,Scores!$A$5:$A$256,Companies!$B$14,Scores!$B$5:$B$256,"innovation",Scores!$D$5:$D$256,"B")) | E66: =IF(OR(C66="",D66=""),"",ABS(C66-D66)) | F66: =IF(E66="","",IF(E66>0.15,"REVIEW",""))
A67: =IF(Companies!$B$14="","",Companies!$B$14) | B67: decision | C67: =IF(OR(Companies!$B$14="",COUNTIFS(Scores!$A$5:$A$256,Companies!$B$14,Scores!$B$5:$B$256,"decision",Scores!$D$5:$D$256,"A")=0),"",SUMIFS(Scores!$E$5:$E$256,Scores!$A$5:$A$256,Companies!$B$14,Scores!$B$5:$B$256,"decision",Scores!$D$5:$D$256,"A")) | D67: =IF(OR(Companies!$B$14="",COUNTIFS(Scores!$A$5:$A$256,Companies!$B$14,Scores!$B$5:$B$256,"decision",Scores!$D$5:$D$256,"B")=0),"",SUMIFS(Scores!$E$5:$E$256,Scores!$A$5:$A$256,Companies!$B$14,Scores!$B$5:$B$256,"decision",Scores!$D$5:$D$256,"B")) | E67: =IF(OR(C67="",D67=""),"",ABS(C67-D67)) | F67: =IF(E67="","",IF(E67>0.15,"REVIEW",""))
A68: =IF(Companies!$B$15="","",Companies!$B$15) | B68: autonomy | C68: =IF(OR(Companies!$B$15="",COUNTIFS(Scores!$A$5:$A$256,Companies!$B$15,Scores!$B$5:$B$256,"autonomy",Scores!$D$5:$D$256,"A")=0),"",SUMIFS(Scores!$E$5:$E$256,Scores!$A$5:$A$256,Companies!$B$15,Scores!$B$5:$B$256,"autonomy",Scores!$D$5:$D$256,"A")) | D68: =IF(OR(Companies!$B$15="",COUNTIFS(Scores!$A$5:$A$256,Companies!$B$15,Scores!$B$5:$B$256,"autonomy",Scores!$D$5:$D$256,"B")=0),"",SUMIFS(Scores!$E$5:$E$256,Scores!$A$5:$A$256,Companies!$B$15,Scores!$B$5:$B$256,"autonomy",Scores!$D$5:$D$256,"B")) | E68: =IF(OR(C68="",D68=""),"",ABS(C68-D68)) | F68: =IF(E68="","",IF(E68>0.15,"REVIEW",""))
A69: =IF(Companies!$B$15="","",Companies!$B$15) | B69: pace | C69: =IF(OR(Companies!$B$15="",COUNTIFS(Scores!$A$5:$A$256,Companies!$B$15,Scores!$B$5:$B$256,"pace",Scores!$D$5:$D$256,"A")=0),"",SUMIFS(Scores!$E$5:$E$256,Scores!$A$5:$A$256,Companies!$B$15,Scores!$B$5:$B$256,"pace",Scores!$D$5:$D$256,"A")) | D69: =IF(OR(Companies!$B$15="",COUNTIFS(Scores!$A$5:$A$256,Companies!$B$15,Scores!$B$5:$B$256,"pace",Scores!$D$5:$D$256,"B")=0),"",SUMIFS(Scores!$E$5:$E$256,Scores!$A$5:$A$256,Companies!$B$15,Scores!$B$5:$B$256,"pace",Scores!$D$5:$D$256,"B")) | E69: =IF(OR(C69="",D69=""),"",ABS(C69-D69)) | F69: =IF(E69="","",IF(E69>0.15,"REVIEW",""))
A70: =IF(Companies!$B$15="","",Companies!$B$15) | B70: collaboration | C70: =IF(OR(Companies!$B$15="",COUNTIFS(Scores!$A$5:$A$256,Companies!$B$15,Scores!$B$5:$B$256,"collaboration",Scores!$D$5:$D$256,"A")=0),"",SUMIFS(Scores!$E$5:$E$256,Scores!$A$5:$A$256,Companies!$B$15,Scores!$B$5:$B$256,"collaboration",Scores!$D$5:$D$256,"A")) | D70: =IF(OR(Companies!$B$15="",COUNTIFS(Scores!$A$5:$A$256,Companies!$B$15,Scores!$B$5:$B$256,"collaboration",Scores!$D$5:$D$256,"B")=0),"",SUMIFS(Scores!$E$5:$E$256,Scores!$A$5:$A$256,Companies!$B$15,Scores!$B$5:$B$256,"collaboration",Scores!$D$5:$D$256,"B")) | E70: =IF(OR(C70="",D70=""),"",ABS(C70-D70)) | F70: =IF(E70="","",IF(E70>0.15,"REVIEW",""))
A71: =IF(Companies!$B$15="","",Companies!$B$15) | B71: feedback | C71: =IF(OR(Companies!$B$15="",COUNTIFS(Scores!$A$5:$A$256,Companies!$B$15,Scores!$B$5:$B$256,"feedback",Scores!$D$5:$D$256,"A")=0),"",SUMIFS(Scores!$E$5:$E$256,Scores!$A$5:$A$256,Companies!$B$15,Scores!$B$5:$B$256,"feedback",Scores!$D$5:$D$256,"A")) | D71: =IF(OR(Companies!$B$15="",COUNTIFS(Scores!$A$5:$A$256,Companies!$B$15,Scores!$B$5:$B$256,"feedback",Scores!$D$5:$D$256,"B")=0),"",SUMIFS(Scores!$E$5:$E$256,Scores!$A$5:$A$256,Companies!$B$15,Scores!$B$5:$B$256,"feedback",Scores!$D$5:$D$256,"B")) | E71: =IF(OR(C71="",D71=""),"",ABS(C71-D71)) | F71: =IF(E71="","",IF(E71>0.15,"REVIEW",""))
A72: =IF(Companies!$B$15="","",Companies!$B$15) | B72: innovation | C72: =IF(OR(Companies!$B$15="",COUNTIFS(Scores!$A$5:$A$256,Companies!$B$15,Scores!$B$5:$B$256,"innovation",Scores!$D$5:$D$256,"A")=0),"",SUMIFS(Scores!$E$5:$E$256,Scores!$A$5:$A$256,Companies!$B$15,Scores!$B$5:$B$256,"innovation",Scores!$D$5:$D$256,"A")) | D72: =IF(OR(Companies!$B$15="",COUNTIFS(Scores!$A$5:$A$256,Companies!$B$15,Scores!$B$5:$B$256,"innovation",Scores!$D$5:$D$256,"B")=0),"",SUMIFS(Scores!$E$5:$E$256,Scores!$A$5:$A$256,Companies!$B$15,Scores!$B$5:$B$256,"innovation",Scores!$D$5:$D$256,"B")) | E72: =IF(OR(C72="",D72=""),"",ABS(C72-D72)) | F72: =IF(E72="","",IF(E72>0.15,"REVIEW",""))
A73: =IF(Companies!$B$15="","",Companies!$B$15) | B73: decision | C73: =IF(OR(Companies!$B$15="",COUNTIFS(Scores!$A$5:$A$256,Companies!$B$15,Scores!$B$5:$B$256,"decision",Scores!$D$5:$D$256,"A")=0),"",SUMIFS(Scores!$E$5:$E$256,Scores!$A$5:$A$256,Companies!$B$15,Scores!$B$5:$B$256,"decision",Scores!$D$5:$D$256,"A")) | D73: =IF(OR(Companies!$B$15="",COUNTIFS(Scores!$A$5:$A$256,Companies!$B$15,Scores!$B$5:$B$256,"decision",Scores!$D$5:$D$256,"B")=0),"",SUMIFS(Scores!$E$5:$E$256,Scores!$A$5:$A$256,Companies!$B$15,Scores!$B$5:$B$256,"decision",Scores!$D$5:$D$256,"B")) | E73: =IF(OR(C73="",D73=""),"",ABS(C73-D73)) | F73: =IF(E73="","",IF(E73>0.15,"REVIEW",""))
A74: =IF(Companies!$B$16="","",Companies!$B$16) | B74: autonomy | C74: =IF(OR(Companies!$B$16="",COUNTIFS(Scores!$A$5:$A$256,Companies!$B$16,Scores!$B$5:$B$256,"autonomy",Scores!$D$5:$D$256,"A")=0),"",SUMIFS(Scores!$E$5:$E$256,Scores!$A$5:$A$256,Companies!$B$16,Scores!$B$5:$B$256,"autonomy",Scores!$D$5:$D$256,"A")) | D74: =IF(OR(Companies!$B$16="",COUNTIFS(Scores!$A$5:$A$256,Companies!$B$16,Scores!$B$5:$B$256,"autonomy",Scores!$D$5:$D$256,"B")=0),"",SUMIFS(Scores!$E$5:$E$256,Scores!$A$5:$A$256,Companies!$B$16,Scores!$B$5:$B$256,"autonomy",Scores!$D$5:$D$256,"B")) | E74: =IF(OR(C74="",D74=""),"",ABS(C74-D74)) | F74: =IF(E74="","",IF(E74>0.15,"REVIEW",""))
A75: =IF(Companies!$B$16="","",Companies!$B$16) | B75: pace | C75: =IF(OR(Companies!$B$16="",COUNTIFS(Scores!$A$5:$A$256,Companies!$B$16,Scores!$B$5:$B$256,"pace",Scores!$D$5:$D$256,"A")=0),"",SUMIFS(Scores!$E$5:$E$256,Scores!$A$5:$A$256,Companies!$B$16,Scores!$B$5:$B$256,"pace",Scores!$D$5:$D$256,"A")) | D75: =IF(OR(Companies!$B$16="",COUNTIFS(Scores!$A$5:$A$256,Companies!$B$16,Scores!$B$5:$B$256,"pace",Scores!$D$5:$D$256,"B")=0),"",SUMIFS(Scores!$E$5:$E$256,Scores!$A$5:$A$256,Companies!$B$16,Scores!$B$5:$B$256,"pace",Scores!$D$5:$D$256,"B")) | E75: =IF(OR(C75="",D75=""),"",ABS(C75-D75)) | F75: =IF(E75="","",IF(E75>0.15,"REVIEW",""))
A76: =IF(Companies!$B$16="","",Companies!$B$16) | B76: collaboration | C76: =IF(OR(Companies!$B$16="",COUNTIFS(Scores!$A$5:$A$256,Companies!$B$16,Scores!$B$5:$B$256,"collaboration",Scores!$D$5:$D$256,"A")=0),"",SUMIFS(Scores!$E$5:$E$256,Scores!$A$5:$A$256,Companies!$B$16,Scores!$B$5:$B$256,"collaboration",Scores!$D$5:$D$256,"A")) | D76: =IF(OR(Companies!$B$16="",COUNTIFS(Scores!$A$5:$A$256,Companies!$B$16,Scores!$B$5:$B$256,"collaboration",Scores!$D$5:$D$256,"B")=0),"",SUMIFS(Scores!$E$5:$E$256,Scores!$A$5:$A$256,Companies!$B$16,Scores!$B$5:$B$256,"collaboration",Scores!$D$5:$D$256,"B")) | E76: =IF(OR(C76="",D76=""),"",ABS(C76-D76)) | F76: =IF(E76="","",IF(E76>0.15,"REVIEW",""))
A77: =IF(Companies!$B$16="","",Companies!$B$16) | B77: feedback | C77: =IF(OR(Companies!$B$16="",COUNTIFS(Scores!$A$5:$A$256,Companies!$B$16,Scores!$B$5:$B$256,"feedback",Scores!$D$5:$D$256,"A")=0),"",SUMIFS(Scores!$E$5:$E$256,Scores!$A$5:$A$256,Companies!$B$16,Scores!$B$5:$B$256,"feedback",Scores!$D$5:$D$256,"A")) | D77: =IF(OR(Companies!$B$16="",COUNTIFS(Scores!$A$5:$A$256,Companies!$B$16,Scores!$B$5:$B$256,"feedback",Scores!$D$5:$D$256,"B")=0),"",SUMIFS(Scores!$E$5:$E$256,Scores!$A$5:$A$256,Companies!$B$16,Scores!$B$5:$B$256,"feedback",Scores!$D$5:$D$256,"B")) | E77: =IF(OR(C77="",D77=""),"",ABS(C77-D77)) | F77: =IF(E77="","",IF(E77>0.15,"REVIEW",""))
A78: =IF(Companies!$B$16="","",Companies!$B$16) | B78: innovation | C78: =IF(OR(Companies!$B$16="",COUNTIFS(Scores!$A$5:$A$256,Companies!$B$16,Scores!$B$5:$B$256,"innovation",Scores!$D$5:$D$256,"A")=0),"",SUMIFS(Scores!$E$5:$E$256,Scores!$A$5:$A$256,Companies!$B$16,Scores!$B$5:$B$256,"innovation",Scores!$D$5:$D$256,"A")) | D78: =IF(OR(Companies!$B$16="",COUNTIFS(Scores!$A$5:$A$256,Companies!$B$16,Scores!$B$5:$B$256,"innovation",Scores!$D$5:$D$256,"B")=0),"",SUMIFS(Scores!$E$5:$E$256,Scores!$A$5:$A$256,Companies!$B$16,Scores!$B$5:$B$256,"innovation",Scores!$D$5:$D$256,"B")) | E78: =IF(OR(C78="",D78=""),"",ABS(C78-D78)) | F78: =IF(E78="","",IF(E78>0.15,"REVIEW",""))
A79: =IF(Companies!$B$16="","",Companies!$B$16) | B79: decision | C79: =IF(OR(Companies!$B$16="",COUNTIFS(Scores!$A$5:$A$256,Companies!$B$16,Scores!$B$5:$B$256,"decision",Scores!$D$5:$D$256,"A")=0),"",SUMIFS(Scores!$E$5:$E$256,Scores!$A$5:$A$256,Companies!$B$16,Scores!$B$5:$B$256,"decision",Scores!$D$5:$D$256,"A")) | D79: =IF(OR(Companies!$B$16="",COUNTIFS(Scores!$A$5:$A$256,Companies!$B$16,Scores!$B$5:$B$256,"decision",Scores!$D$5:$D$256,"B")=0),"",SUMIFS(Scores!$E$5:$E$256,Scores!$A$5:$A$256,Companies!$B$16,Scores!$B$5:$B$256,"decision",Scores!$D$5:$D$256,"B")) | E79: =IF(OR(C79="",D79=""),"",ABS(C79-D79)) | F79: =IF(E79="","",IF(E79>0.15,"REVIEW",""))
A80: =IF(Companies!$B$17="","",Companies!$B$17) | B80: autonomy | C80: =IF(OR(Companies!$B$17="",COUNTIFS(Scores!$A$5:$A$256,Companies!$B$17,Scores!$B$5:$B$256,"autonomy",Scores!$D$5:$D$256,"A")=0),"",SUMIFS(Scores!$E$5:$E$256,Scores!$A$5:$A$256,Companies!$B$17,Scores!$B$5:$B$256,"autonomy",Scores!$D$5:$D$256,"A")) | D80: =IF(OR(Companies!$B$17="",COUNTIFS(Scores!$A$5:$A$256,Companies!$B$17,Scores!$B$5:$B$256,"autonomy",Scores!$D$5:$D$256,"B")=0),"",SUMIFS(Scores!$E$5:$E$256,Scores!$A$5:$A$256,Companies!$B$17,Scores!$B$5:$B$256,"autonomy",Scores!$D$5:$D$256,"B")) | E80: =IF(OR(C80="",D80=""),"",ABS(C80-D80)) | F80: =IF(E80="","",IF(E80>0.15,"REVIEW",""))
A81: =IF(Companies!$B$17="","",Companies!$B$17) | B81: pace | C81: =IF(OR(Companies!$B$17="",COUNTIFS(Scores!$A$5:$A$256,Companies!$B$17,Scores!$B$5:$B$256,"pace",Scores!$D$5:$D$256,"A")=0),"",SUMIFS(Scores!$E$5:$E$256,Scores!$A$5:$A$256,Companies!$B$17,Scores!$B$5:$B$256,"pace",Scores!$D$5:$D$256,"A")) | D81: =IF(OR(Companies!$B$17="",COUNTIFS(Scores!$A$5:$A$256,Companies!$B$17,Scores!$B$5:$B$256,"pace",Scores!$D$5:$D$256,"B")=0),"",SUMIFS(Scores!$E$5:$E$256,Scores!$A$5:$A$256,Companies!$B$17,Scores!$B$5:$B$256,"pace",Scores!$D$5:$D$256,"B")) | E81: =IF(OR(C81="",D81=""),"",ABS(C81-D81)) | F81: =IF(E81="","",IF(E81>0.15,"REVIEW",""))
A82: =IF(Companies!$B$17="","",Companies!$B$17) | B82: collaboration | C82: =IF(OR(Companies!$B$17="",COUNTIFS(Scores!$A$5:$A$256,Companies!$B$17,Scores!$B$5:$B$256,"collaboration",Scores!$D$5:$D$256,"A")=0),"",SUMIFS(Scores!$E$5:$E$256,Scores!$A$5:$A$256,Companies!$B$17,Scores!$B$5:$B$256,"collaboration",Scores!$D$5:$D$256,"A")) | D82: =IF(OR(Companies!$B$17="",COUNTIFS(Scores!$A$5:$A$256,Companies!$B$17,Scores!$B$5:$B$256,"collaboration",Scores!$D$5:$D$256,"B")=0),"",SUMIFS(Scores!$E$5:$E$256,Scores!$A$5:$A$256,Companies!$B$17,Scores!$B$5:$B$256,"collaboration",Scores!$D$5:$D$256,"B")) | E82: =IF(OR(C82="",D82=""),"",ABS(C82-D82)) | F82: =IF(E82="","",IF(E82>0.15,"REVIEW",""))
A83: =IF(Companies!$B$17="","",Companies!$B$17) | B83: feedback | C83: =IF(OR(Companies!$B$17="",COUNTIFS(Scores!$A$5:$A$256,Companies!$B$17,Scores!$B$5:$B$256,"feedback",Scores!$D$5:$D$256,"A")=0),"",SUMIFS(Scores!$E$5:$E$256,Scores!$A$5:$A$256,Companies!$B$17,Scores!$B$5:$B$256,"feedback",Scores!$D$5:$D$256,"A")) | D83: =IF(OR(Companies!$B$17="",COUNTIFS(Scores!$A$5:$A$256,Companies!$B$17,Scores!$B$5:$B$256,"feedback",Scores!$D$5:$D$256,"B")=0),"",SUMIFS(Scores!$E$5:$E$256,Scores!$A$5:$A$256,Companies!$B$17,Scores!$B$5:$B$256,"feedback",Scores!$D$5:$D$256,"B")) | E83: =IF(OR(C83="",D83=""),"",ABS(C83-D83)) | F83: =IF(E83="","",IF(E83>0.15,"REVIEW",""))
A84: =IF(Companies!$B$17="","",Companies!$B$17) | B84: innovation | C84: =IF(OR(Companies!$B$17="",COUNTIFS(Scores!$A$5:$A$256,Companies!$B$17,Scores!$B$5:$B$256,"innovation",Scores!$D$5:$D$256,"A")=0),"",SUMIFS(Scores!$E$5:$E$256,Scores!$A$5:$A$256,Companies!$B$17,Scores!$B$5:$B$256,"innovation",Scores!$D$5:$D$256,"A")) | D84: =IF(OR(Companies!$B$17="",COUNTIFS(Scores!$A$5:$A$256,Companies!$B$17,Scores!$B$5:$B$256,"innovation",Scores!$D$5:$D$256,"B")=0),"",SUMIFS(Scores!$E$5:$E$256,Scores!$A$5:$A$256,Companies!$B$17,Scores!$B$5:$B$256,"innovation",Scores!$D$5:$D$256,"B")) | E84: =IF(OR(C84="",D84=""),"",ABS(C84-D84)) | F84: =IF(E84="","",IF(E84>0.15,"REVIEW",""))
A85: =IF(Companies!$B$17="","",Companies!$B$17) | B85: decision | C85: =IF(OR(Companies!$B$17="",COUNTIFS(Scores!$A$5:$A$256,Companies!$B$17,Scores!$B$5:$B$256,"decision",Scores!$D$5:$D$256,"A")=0),"",SUMIFS(Scores!$E$5:$E$256,Scores!$A$5:$A$256,Companies!$B$17,Scores!$B$5:$B$256,"decision",Scores!$D$5:$D$256,"A")) | D85: =IF(OR(Companies!$B$17="",COUNTIFS(Scores!$A$5:$A$256,Companies!$B$17,Scores!$B$5:$B$256,"decision",Scores!$D$5:$D$256,"B")=0),"",SUMIFS(Scores!$E$5:$E$256,Scores!$A$5:$A$256,Companies!$B$17,Scores!$B$5:$B$256,"decision",Scores!$D$5:$D$256,"B")) | E85: =IF(OR(C85="",D85=""),"",ABS(C85-D85)) | F85: =IF(E85="","",IF(E85>0.15,"REVIEW",""))
A86: =IF(Companies!$B$18="","",Companies!$B$18) | B86: autonomy | C86: =IF(OR(Companies!$B$18="",COUNTIFS(Scores!$A$5:$A$256,Companies!$B$18,Scores!$B$5:$B$256,"autonomy",Scores!$D$5:$D$256,"A")=0),"",SUMIFS(Scores!$E$5:$E$256,Scores!$A$5:$A$256,Companies!$B$18,Scores!$B$5:$B$256,"autonomy",Scores!$D$5:$D$256,"A")) | D86: =IF(OR(Companies!$B$18="",COUNTIFS(Scores!$A$5:$A$256,Companies!$B$18,Scores!$B$5:$B$256,"autonomy",Scores!$D$5:$D$256,"B")=0),"",SUMIFS(Scores!$E$5:$E$256,Scores!$A$5:$A$256,Companies!$B$18,Scores!$B$5:$B$256,"autonomy",Scores!$D$5:$D$256,"B")) | E86: =IF(OR(C86="",D86=""),"",ABS(C86-D86)) | F86: =IF(E86="","",IF(E86>0.15,"REVIEW",""))
A87: =IF(Companies!$B$18="","",Companies!$B$18) | B87: pace | C87: =IF(OR(Companies!$B$18="",COUNTIFS(Scores!$A$5:$A$256,Companies!$B$18,Scores!$B$5:$B$256,"pace",Scores!$D$5:$D$256,"A")=0),"",SUMIFS(Scores!$E$5:$E$256,Scores!$A$5:$A$256,Companies!$B$18,Scores!$B$5:$B$256,"pace",Scores!$D$5:$D$256,"A")) | D87: =IF(OR(Companies!$B$18="",COUNTIFS(Scores!$A$5:$A$256,Companies!$B$18,Scores!$B$5:$B$256,"pace",Scores!$D$5:$D$256,"B")=0),"",SUMIFS(Scores!$E$5:$E$256,Scores!$A$5:$A$256,Companies!$B$18,Scores!$B$5:$B$256,"pace",Scores!$D$5:$D$256,"B")) | E87: =IF(OR(C87="",D87=""),"",ABS(C87-D87)) | F87: =IF(E87="","",IF(E87>0.15,"REVIEW",""))
A88: =IF(Companies!$B$18="","",Companies!$B$18) | B88: collaboration | C88: =IF(OR(Companies!$B$18="",COUNTIFS(Scores!$A$5:$A$256,Companies!$B$18,Scores!$B$5:$B$256,"collaboration",Scores!$D$5:$D$256,"A")=0),"",SUMIFS(Scores!$E$5:$E$256,Scores!$A$5:$A$256,Companies!$B$18,Scores!$B$5:$B$256,"collaboration",Scores!$D$5:$D$256,"A")) | D88: =IF(OR(Companies!$B$18="",COUNTIFS(Scores!$A$5:$A$256,Companies!$B$18,Scores!$B$5:$B$256,"collaboration",Scores!$D$5:$D$256,"B")=0),"",SUMIFS(Scores!$E$5:$E$256,Scores!$A$5:$A$256,Companies!$B$18,Scores!$B$5:$B$256,"collaboration",Scores!$D$5:$D$256,"B")) | E88: =IF(OR(C88="",D88=""),"",ABS(C88-D88)) | F88: =IF(E88="","",IF(E88>0.15,"REVIEW",""))
A89: =IF(Companies!$B$18="","",Companies!$B$18) | B89: feedback | C89: =IF(OR(Companies!$B$18="",COUNTIFS(Scores!$A$5:$A$256,Companies!$B$18,Scores!$B$5:$B$256,"feedback",Scores!$D$5:$D$256,"A")=0),"",SUMIFS(Scores!$E$5:$E$256,Scores!$A$5:$A$256,Companies!$B$18,Scores!$B$5:$B$256,"feedback",Scores!$D$5:$D$256,"A")) | D89: =IF(OR(Companies!$B$18="",COUNTIFS(Scores!$A$5:$A$256,Companies!$B$18,Scores!$B$5:$B$256,"feedback",Scores!$D$5:$D$256,"B")=0),"",SUMIFS(Scores!$E$5:$E$256,Scores!$A$5:$A$256,Companies!$B$18,Scores!$B$5:$B$256,"feedback",Scores!$D$5:$D$256,"B")) | E89: =IF(OR(C89="",D89=""),"",ABS(C89-D89)) | F89: =IF(E89="","",IF(E89>0.15,"REVIEW",""))
A90: =IF(Companies!$B$18="","",Companies!$B$18) | B90: innovation | C90: =IF(OR(Companies!$B$18="",COUNTIFS(Scores!$A$5:$A$256,Companies!$B$18,Scores!$B$5:$B$256,"innovation",Scores!$D$5:$D$256,"A")=0),"",SUMIFS(Scores!$E$5:$E$256,Scores!$A$5:$A$256,Companies!$B$18,Scores!$B$5:$B$256,"innovation",Scores!$D$5:$D$256,"A")) | D90: =IF(OR(Companies!$B$18="",COUNTIFS(Scores!$A$5:$A$256,Companies!$B$18,Scores!$B$5:$B$256,"innovation",Scores!$D$5:$D$256,"B")=0),"",SUMIFS(Scores!$E$5:$E$256,Scores!$A$5:$A$256,Companies!$B$18,Scores!$B$5:$B$256,"innovation",Scores!$D$5:$D$256,"B")) | E90: =IF(OR(C90="",D90=""),"",ABS(C90-D90)) | F90: =IF(E90="","",IF(E90>0.15,"REVIEW",""))
A91: =IF(Companies!$B$18="","",Companies!$B$18) | B91: decision | C91: =IF(OR(Companies!$B$18="",COUNTIFS(Scores!$A$5:$A$256,Companies!$B$18,Scores!$B$5:$B$256,"decision",Scores!$D$5:$D$256,"A")=0),"",SUMIFS(Scores!$E$5:$E$256,Scores!$A$5:$A$256,Companies!$B$18,Scores!$B$5:$B$256,"decision",Scores!$D$5:$D$256,"A")) | D91: =IF(OR(Companies!$B$18="",COUNTIFS(Scores!$A$5:$A$256,Companies!$B$18,Scores!$B$5:$B$256,"decision",Scores!$D$5:$D$256,"B")=0),"",SUMIFS(Scores!$E$5:$E$256,Scores!$A$5:$A$256,Companies!$B$18,Scores!$B$5:$B$256,"decision",Scores!$D$5:$D$256,"B")) | E91: =IF(OR(C91="",D91=""),"",ABS(C91-D91)) | F91: =IF(E91="","",IF(E91>0.15,"REVIEW",""))
A92: =IF(Companies!$B$19="","",Companies!$B$19) | B92: autonomy | C92: =IF(OR(Companies!$B$19="",COUNTIFS(Scores!$A$5:$A$256,Companies!$B$19,Scores!$B$5:$B$256,"autonomy",Scores!$D$5:$D$256,"A")=0),"",SUMIFS(Scores!$E$5:$E$256,Scores!$A$5:$A$256,Companies!$B$19,Scores!$B$5:$B$256,"autonomy",Scores!$D$5:$D$256,"A")) | D92: =IF(OR(Companies!$B$19="",COUNTIFS(Scores!$A$5:$A$256,Companies!$B$19,Scores!$B$5:$B$256,"autonomy",Scores!$D$5:$D$256,"B")=0),"",SUMIFS(Scores!$E$5:$E$256,Scores!$A$5:$A$256,Companies!$B$19,Scores!$B$5:$B$256,"autonomy",Scores!$D$5:$D$256,"B")) | E92: =IF(OR(C92="",D92=""),"",ABS(C92-D92)) | F92: =IF(E92="","",IF(E92>0.15,"REVIEW",""))
A93: =IF(Companies!$B$19="","",Companies!$B$19) | B93: pace | C93: =IF(OR(Companies!$B$19="",COUNTIFS(Scores!$A$5:$A$256,Companies!$B$19,Scores!$B$5:$B$256,"pace",Scores!$D$5:$D$256,"A")=0),"",SUMIFS(Scores!$E$5:$E$256,Scores!$A$5:$A$256,Companies!$B$19,Scores!$B$5:$B$256,"pace",Scores!$D$5:$D$256,"A")) | D93: =IF(OR(Companies!$B$19="",COUNTIFS(Scores!$A$5:$A$256,Companies!$B$19,Scores!$B$5:$B$256,"pace",Scores!$D$5:$D$256,"B")=0),"",SUMIFS(Scores!$E$5:$E$256,Scores!$A$5:$A$256,Companies!$B$19,Scores!$B$5:$B$256,"pace",Scores!$D$5:$D$256,"B")) | E93: =IF(OR(C93="",D93=""),"",ABS(C93-D93)) | F93: =IF(E93="","",IF(E93>0.15,"REVIEW",""))
A94: =IF(Companies!$B$19="","",Companies!$B$19) | B94: collaboration | C94: =IF(OR(Companies!$B$19="",COUNTIFS(Scores!$A$5:$A$256,Companies!$B$19,Scores!$B$5:$B$256,"collaboration",Scores!$D$5:$D$256,"A")=0),"",SUMIFS(Scores!$E$5:$E$256,Scores!$A$5:$A$256,Companies!$B$19,Scores!$B$5:$B$256,"collaboration",Scores!$D$5:$D$256,"A")) | D94: =IF(OR(Companies!$B$19="",COUNTIFS(Scores!$A$5:$A$256,Companies!$B$19,Scores!$B$5:$B$256,"collaboration",Scores!$D$5:$D$256,"B")=0),"",SUMIFS(Scores!$E$5:$E$256,Scores!$A$5:$A$256,Companies!$B$19,Scores!$B$5:$B$256,"collaboration",Scores!$D$5:$D$256,"B")) | E94: =IF(OR(C94="",D94=""),"",ABS(C94-D94)) | F94: =IF(E94="","",IF(E94>0.15,"REVIEW",""))
A95: =IF(Companies!$B$19="","",Companies!$B$19) | B95: feedback | C95: =IF(OR(Companies!$B$19="",COUNTIFS(Scores!$A$5:$A$256,Companies!$B$19,Scores!$B$5:$B$256,"feedback",Scores!$D$5:$D$256,"A")=0),"",SUMIFS(Scores!$E$5:$E$256,Scores!$A$5:$A$256,Companies!$B$19,Scores!$B$5:$B$256,"feedback",Scores!$D$5:$D$256,"A")) | D95: =IF(OR(Companies!$B$19="",COUNTIFS(Scores!$A$5:$A$256,Companies!$B$19,Scores!$B$5:$B$256,"feedback",Scores!$D$5:$D$256,"B")=0),"",SUMIFS(Scores!$E$5:$E$256,Scores!$A$5:$A$256,Companies!$B$19,Scores!$B$5:$B$256,"feedback",Scores!$D$5:$D$256,"B")) | E95: =IF(OR(C95="",D95=""),"",ABS(C95-D95)) | F95: =IF(E95="","",IF(E95>0.15,"REVIEW",""))
A96: =IF(Companies!$B$19="","",Companies!$B$19) | B96: innovation | C96: =IF(OR(Companies!$B$19="",COUNTIFS(Scores!$A$5:$A$256,Companies!$B$19,Scores!$B$5:$B$256,"innovation",Scores!$D$5:$D$256,"A")=0),"",SUMIFS(Scores!$E$5:$E$256,Scores!$A$5:$A$256,Companies!$B$19,Scores!$B$5:$B$256,"innovation",Scores!$D$5:$D$256,"A")) | D96: =IF(OR(Companies!$B$19="",COUNTIFS(Scores!$A$5:$A$256,Companies!$B$19,Scores!$B$5:$B$256,"innovation",Scores!$D$5:$D$256,"B")=0),"",SUMIFS(Scores!$E$5:$E$256,Scores!$A$5:$A$256,Companies!$B$19,Scores!$B$5:$B$256,"innovation",Scores!$D$5:$D$256,"B")) | E96: =IF(OR(C96="",D96=""),"",ABS(C96-D96)) | F96: =IF(E96="","",IF(E96>0.15,"REVIEW",""))
A97: =IF(Companies!$B$19="","",Companies!$B$19) | B97: decision | C97: =IF(OR(Companies!$B$19="",COUNTIFS(Scores!$A$5:$A$256,Companies!$B$19,Scores!$B$5:$B$256,"decision",Scores!$D$5:$D$256,"A")=0),"",SUMIFS(Scores!$E$5:$E$256,Scores!$A$5:$A$256,Companies!$B$19,Scores!$B$5:$B$256,"decision",Scores!$D$5:$D$256,"A")) | D97: =IF(OR(Companies!$B$19="",COUNTIFS(Scores!$A$5:$A$256,Companies!$B$19,Scores!$B$5:$B$256,"decision",Scores!$D$5:$D$256,"B")=0),"",SUMIFS(Scores!$E$5:$E$256,Scores!$A$5:$A$256,Companies!$B$19,Scores!$B$5:$B$256,"decision",Scores!$D$5:$D$256,"B")) | E97: =IF(OR(C97="",D97=""),"",ABS(C97-D97)) | F97: =IF(E97="","",IF(E97>0.15,"REVIEW",""))
A98: =IF(Companies!$B$20="","",Companies!$B$20) | B98: autonomy | C98: =IF(OR(Companies!$B$20="",COUNTIFS(Scores!$A$5:$A$256,Companies!$B$20,Scores!$B$5:$B$256,"autonomy",Scores!$D$5:$D$256,"A")=0),"",SUMIFS(Scores!$E$5:$E$256,Scores!$A$5:$A$256,Companies!$B$20,Scores!$B$5:$B$256,"autonomy",Scores!$D$5:$D$256,"A")) | D98: =IF(OR(Companies!$B$20="",COUNTIFS(Scores!$A$5:$A$256,Companies!$B$20,Scores!$B$5:$B$256,"autonomy",Scores!$D$5:$D$256,"B")=0),"",SUMIFS(Scores!$E$5:$E$256,Scores!$A$5:$A$256,Companies!$B$20,Scores!$B$5:$B$256,"autonomy",Scores!$D$5:$D$256,"B")) | E98: =IF(OR(C98="",D98=""),"",ABS(C98-D98)) | F98: =IF(E98="","",IF(E98>0.15,"REVIEW",""))
A99: =IF(Companies!$B$20="","",Companies!$B$20) | B99: pace | C99: =IF(OR(Companies!$B$20="",COUNTIFS(Scores!$A$5:$A$256,Companies!$B$20,Scores!$B$5:$B$256,"pace",Scores!$D$5:$D$256,"A")=0),"",SUMIFS(Scores!$E$5:$E$256,Scores!$A$5:$A$256,Companies!$B$20,Scores!$B$5:$B$256,"pace",Scores!$D$5:$D$256,"A")) | D99: =IF(OR(Companies!$B$20="",COUNTIFS(Scores!$A$5:$A$256,Companies!$B$20,Scores!$B$5:$B$256,"pace",Scores!$D$5:$D$256,"B")=0),"",SUMIFS(Scores!$E$5:$E$256,Scores!$A$5:$A$256,Companies!$B$20,Scores!$B$5:$B$256,"pace",Scores!$D$5:$D$256,"B")) | E99: =IF(OR(C99="",D99=""),"",ABS(C99-D99)) | F99: =IF(E99="","",IF(E99>0.15,"REVIEW",""))
A100: =IF(Companies!$B$20="","",Companies!$B$20) | B100: collaboration | C100: =IF(OR(Companies!$B$20="",COUNTIFS(Scores!$A$5:$A$256,Companies!$B$20,Scores!$B$5:$B$256,"collaboration",Scores!$D$5:$D$256,"A")=0),"",SUMIFS(Scores!$E$5:$E$256,Scores!$A$5:$A$256,Companies!$B$20,Scores!$B$5:$B$256,"collaboration",Scores!$D$5:$D$256,"A")) | D100: =IF(OR(Companies!$B$20="",COUNTIFS(Scores!$A$5:$A$256,Companies!$B$20,Scores!$B$5:$B$256,"collaboration",Scores!$D$5:$D$256,"B")=0),"",SUMIFS(Scores!$E$5:$E$256,Scores!$A$5:$A$256,Companies!$B$20,Scores!$B$5:$B$256,"collaboration",Scores!$D$5:$D$256,"B")) | E100: =IF(OR(C100="",D100=""),"",ABS(C100-D100)) | F100: =IF(E100="","",IF(E100>0.15,"REVIEW",""))
A101: =IF(Companies!$B$20="","",Companies!$B$20) | B101: feedback | C101: =IF(OR(Companies!$B$20="",COUNTIFS(Scores!$A$5:$A$256,Companies!$B$20,Scores!$B$5:$B$256,"feedback",Scores!$D$5:$D$256,"A")=0),"",SUMIFS(Scores!$E$5:$E$256,Scores!$A$5:$A$256,Companies!$B$20,Scores!$B$5:$B$256,"feedback",Scores!$D$5:$D$256,"A")) | D101: =IF(OR(Companies!$B$20="",COUNTIFS(Scores!$A$5:$A$256,Companies!$B$20,Scores!$B$5:$B$256,"feedback",Scores!$D$5:$D$256,"B")=0),"",SUMIFS(Scores!$E$5:$E$256,Scores!$A$5:$A$256,Companies!$B$20,Scores!$B$5:$B$256,"feedback",Scores!$D$5:$D$256,"B")) | E101: =IF(OR(C101="",D101=""),"",ABS(C101-D101)) | F101: =IF(E101="","",IF(E101>0.15,"REVIEW",""))
A102: =IF(Companies!$B$20="","",Companies!$B$20) | B102: innovation | C102: =IF(OR(Companies!$B$20="",COUNTIFS(Scores!$A$5:$A$256,Companies!$B$20,Scores!$B$5:$B$256,"innovation",Scores!$D$5:$D$256,"A")=0),"",SUMIFS(Scores!$E$5:$E$256,Scores!$A$5:$A$256,Companies!$B$20,Scores!$B$5:$B$256,"innovation",Scores!$D$5:$D$256,"A")) | D102: =IF(OR(Companies!$B$20="",COUNTIFS(Scores!$A$5:$A$256,Companies!$B$20,Scores!$B$5:$B$256,"innovation",Scores!$D$5:$D$256,"B")=0),"",SUMIFS(Scores!$E$5:$E$256,Scores!$A$5:$A$256,Companies!$B$20,Scores!$B$5:$B$256,"innovation",Scores!$D$5:$D$256,"B")) | E102: =IF(OR(C102="",D102=""),"",ABS(C102-D102)) | F102: =IF(E102="","",IF(E102>0.15,"REVIEW",""))
...
